folder,image,logical,corrColor,corrR,corrG,corrB,image_path,thisN,thisTrialN,thisRepN,spacebar.keys,spacebar.rt,spacebar.duration,seafoam.numClicks,seafoam.timesOn,seafoam.timesOff,pink.numClicks,pink.timesOn,pink.timesOff,lime_green.numClicks,lime_green.timesOn,lime_green.timesOff,orange.numClicks,orange.timesOn,orange.timesOff,blue.numClicks,blue.timesOn,blue.timesOff,yellow.numClicks,yellow.timesOn,yellow.timesOff,purple.numClicks,purple.timesOn,purple.timesOff,cyan.numClicks,cyan.timesOn,cyan.timesOff,red.numClicks,red.timesOn,red.timesOff,green.numClicks,green.timesOn,green.timesOff,slider.response,slider.rt,slider.history,mouse_2.x,mouse_2.y,mouse_2.leftButton,mouse_2.midButton,mouse_2.rightButton,mouse_2.time,mouse_2.clicked_name,button2.numClicks,button2.timesOn,button2.timesOff,seafoam_3.numClicks,seafoam_3.timesOn,seafoam_3.timesOff,pink_3.numClicks,pink_3.timesOn,pink_3.timesOff,lime_green_3.numClicks,lime_green_3.timesOn,lime_green_3.timesOff,orange_3.numClicks,orange_3.timesOn,orange_3.timesOff,blue_3.numClicks,blue_3.timesOn,blue_3.timesOff,yellow_3.numClicks,yellow_3.timesOn,yellow_3.timesOff,purple_3.numClicks,purple_3.timesOn,purple_3.timesOff,cyan_3.numClicks,cyan_3.timesOn,cyan_3.timesOff,red_3.numClicks,red_3.timesOn,red_3.timesOff,green_3.numClicks,green_3.timesOn,green_3.timesOff,Button3.numClicks,Button3.timesOn,Button3.timesOff,seafoam_2.numClicks,seafoam_2.timesOn,seafoam_2.timesOff,pink_2.numClicks,pink_2.timesOn,pink_2.timesOff,lime_green_2.numClicks,lime_green_2.timesOn,lime_green_2.timesOff,orange_2.numClicks,orange_2.timesOn,orange_2.timesOff,blue_2.numClicks,blue_2.timesOn,blue_2.timesOff,yellow_2.numClicks,yellow_2.timesOn,yellow_2.timesOff,purple_2.numClicks,purple_2.timesOn,purple_2.timesOff,cyan_2.numClicks,cyan_2.timesOn,cyan_2.timesOff,red_2.numClicks,red_2.timesOn,red_2.timesOff,green_2.numClicks,green_2.timesOn,green_2.timesOff,key_resp.keys,trials.thisRepN,trials.thisTrialN,trials.thisN,trials.thisIndex,thisRow.t,notes,piloting,Welcome.started,Welcome_info.started,PressEnter.started,PressEnterToContinue.started,Welcome.stopped,PressEnter.keys,PressEnter.rt,PressEnter.duration,img_Var.routineStartVal,initiate.started,initiate.stopped,img_Var.routineEndVal,logical_Var.routineEndVal,corrColor_Var.routineEndVal,corrR_Var.routineEndVal,corrG_Var.routineEndVal,corrB_Var.routineEndVal,filterCount.routineEndVal,img_Var1.routineEndVal,trial_counter.routineEndVal,answer.routineStartVal,trial_1.started,img.started,seafoam.started,pink.started,lime_green.started,orange.started,blue.started,yellow.started,purple.started,cyan.started,red.started,green.started,RBGInfo.started,G.started,B.started,counter_Text.started,total_count.started,R.started,spacebar.started,trial_1.stopped,corrColorVar.routineEndVal,filterChange.routineEndVal,trials.spacebar.keys,trials.spacebar.rt,trials.spacebar.duration,trials.seafoam.numClicks,trials.seafoam.timesOn,trials.seafoam.timesOff,trials.pink.numClicks,trials.pink.timesOn,trials.pink.timesOff,trials.lime_green.numClicks,trials.lime_green.timesOn,trials.lime_green.timesOff,trials.orange.numClicks,trials.orange.timesOn,trials.orange.timesOff,trials.blue.numClicks,trials.blue.timesOn,trials.blue.timesOff,trials.yellow.numClicks,trials.yellow.timesOn,trials.yellow.timesOff,trials.purple.numClicks,trials.purple.timesOn,trials.purple.timesOff,trials.cyan.numClicks,trials.cyan.timesOn,trials.cyan.timesOff,trials.red.numClicks,trials.red.timesOn,trials.red.timesOff,trials.green.numClicks,trials.green.timesOn,trials.green.timesOff,answer.routineEndVal,Pause350.started,text_8.started,Pause350.stopped,confidence.started,slider.started,text_9.started,mouse_2.started,text_answer.started,lime_green_3.started,button2.started,confidence.stopped,trials.slider.response,trials.slider.rt,trials.slider.history,trials.mouse_2.x,trials.mouse_2.y,trials.mouse_2.leftButton,trials.mouse_2.midButton,trials.mouse_2.rightButton,trials.mouse_2.time,trials.mouse_2.clicked_name,trials.button2.numClicks,trials.button2.timesOn,trials.button2.timesOff,trials.seafoam_3.numClicks,trials.seafoam_3.timesOn,trials.seafoam_3.timesOff,trials.pink_3.numClicks,trials.pink_3.timesOn,trials.pink_3.timesOff,trials.lime_green_3.numClicks,trials.lime_green_3.timesOn,trials.lime_green_3.timesOff,trials.orange_3.numClicks,trials.orange_3.timesOn,trials.orange_3.timesOff,trials.blue_3.numClicks,trials.blue_3.timesOn,trials.blue_3.timesOff,trials.yellow_3.numClicks,trials.yellow_3.timesOn,trials.yellow_3.timesOff,trials.purple_3.numClicks,trials.purple_3.timesOn,trials.purple_3.timesOff,trials.cyan_3.numClicks,trials.cyan_3.timesOn,trials.cyan_3.timesOff,trials.red_3.numClicks,trials.red_3.timesOn,trials.red_3.timesOff,trials.green_3.numClicks,trials.green_3.timesOn,trials.green_3.timesOff,text_8.stopped,confirm.started,Button3.started,correctAnswer.started,RBGInfo_2.started,R_2.started,G_2.started,B_2.started,key_resp.started,confirm.stopped,trials.Button3.numClicks,trials.Button3.timesOn,trials.Button3.timesOff,trials.seafoam_2.numClicks,trials.seafoam_2.timesOn,trials.seafoam_2.timesOff,trials.pink_2.numClicks,trials.pink_2.timesOn,trials.pink_2.timesOff,trials.lime_green_2.numClicks,trials.lime_green_2.timesOn,trials.lime_green_2.timesOff,trials.orange_2.numClicks,trials.orange_2.timesOn,trials.orange_2.timesOff,trials.blue_2.numClicks,trials.blue_2.timesOn,trials.blue_2.timesOff,trials.yellow_2.numClicks,trials.yellow_2.timesOn,trials.yellow_2.timesOff,trials.purple_2.numClicks,trials.purple_2.timesOn,trials.purple_2.timesOff,trials.cyan_2.numClicks,trials.cyan_2.timesOn,trials.cyan_2.timesOff,trials.red_2.numClicks,trials.red_2.timesOn,trials.red_2.timesOff,trials.green_2.numClicks,trials.green_2.timesOn,trials.green_2.timesOff,trials.key_resp.keys,PauseEnd.started,text_11.started,text_11.stopped,PauseEnd.stopped,colorList.routineEndVal,purple_3.started,yellow_3.started,seafoam_3.started,pink_3.started,red_3.started,cyan_3.started,orange_3.started,blue_3.started,green_3.started,congrats.started,GoodJob.started,congrats.stopped,trial_counter.endExpVal,colorList.expEndVal,participant,session,date,expName,expVersion,psychopyVersion,frameRate,expStart,
,,,,,,,,,,,,,,,,,,,,,,,,,,,,,,,,,,,,,,,,,,,,,,,,,,,,,,,,,,,,,,,,,,,,,,,,,,,,,,,,,,,,,,,,,,,,,,,,,,,,,,,,,,,,,,,,,,,,,,,,,,,,,,,False,0.010276200016960502,0.02812989999074489,0.8114745999919251,1.0116913999663666,3.383322799927555,return,2.2938966000219807,None,,,,,,,,,,,,,,,,,,,,,,,,,,,,,,,,,,,,,,,,,,,,,,,,,,,,,,,,,,,,,,,,,,,,,,,,,,,,,,,,,,,,,,,,,,,,,,,,,,,,,,,,,,,,,,,,,,,,,,,,,,,,,,,,,,,,,,,,,,,,,,,,,,,,,,,,,,,,,,,,,,,,,,,,,,,,,,,,,,,,,,,,,,,001,006,2026-04-07_11h36.37.290,Train2Laptop,,2026.1.1,59.91353282850322,2026-04-07 11h36.39.583338 +0200,
02-1,014_Lime-green.jpg,True,Lime-green,65,100,4,02-1/014_Lime-green_0.png,0,0,0,['space'],[3.7739833999658003],[0.09771900007035583],0,,,0,,,1,15.555812799953856,15.555832299985923,0,,,0,,,0,,,0,,,0,,,0,,,0,,,4.0,1.6328195999376476,"[(4.0, 1.6328195999376476)]","[0.19666666666666666, -0.03166666666666667]","[0.005, -0.2775]","[1, 1]","[0, 0]","[0, 0]","[1.3829468000913039, 2.5820273000281304]","[None, 'button2']",1,[2.60701049992349],[2.6070209000026807],0,,,0,,,0,,,0,,,0,,,0,,,0,,,0,,,0,,,0,,,1,[0.583632200025022],[0.5836533000692725],0,,,0,,,0,,,0,,,0,,,0,,,0,,,0,,,0,,,0,,,None,0,0,0,6,3.7113427999429405,,,,,,,,,,,02-1/014_Lime-green_0.png,3.440783799975179,3.4434618999948725,02-1/014_Lime-green_0.png,True,Lime-green,65,100,4,"[4.8346031999681145, 5.913153000059538]",02-1/014_Lime-green_0.png,1,,3.5389564000070095,3.7113427999429405,3.7113427999429405,3.7113427999429405,3.7113427999429405,3.7113427999429405,3.7113427999429405,3.7113427999429405,3.7113427999429405,3.7113427999429405,3.7113427999429405,3.7113427999429405,3.7113427999429405,3.7113427999429405,3.7113427999429405,3.7113427999429405,3.7113427999429405,3.8602936000097543,4.461553299915977,19.00313319999259,Lime-green,2,['space'],[3.7739833999658003],[0.09771900007035583],0,,,0,,,1,15.555812799953856,15.555832299985923,0,,,0,,,0,,,0,,,0,,,0,,,0,,,Lime-green,21.963277700007893,21.976545199984685,22.311540099908598,19.37693379994016,19.426075599971227,19.426075599971227,0.023506499943323433,19.426075599971227,19.426075599971227,21.05925930000376,21.962678199983202,4.0,1.6328195999376476,"[(4.0, 1.6328195999376476)]","[0.19666666666666666, -0.03166666666666667]","[0.005, -0.2775]","[1, 1]","[0, 0]","[0, 0]","[1.3829468000913039, 2.5820273000281304]","[None, 'button2']",1,[2.60701049992349],[2.6070209000026807],0,,,0,,,0,,,0,,,0,,,0,,,0,,,0,,,0,,,0,,,22.37580189993605,22.344471699907444,22.37580189993605,22.37580189993605,22.37580189993605,22.37580189993605,22.37580189993605,22.37580189993605,22.37580189993605,22.89967049995903,1,[0.583632200025022],[0.5836533000692725],0,,,0,,,0,,,0,,,0,,,0,,,0,,,0,,,0,,,0,,,None,22.900227600010112,22.91066699998919,23.452593199908733,23.245420899940655,['Lime-green'],,,,,,,,,,,,,,,001,006,2026-04-07_11h36.37.290,Train2Laptop,,2026.1.1,59.91353282850322,2026-04-07 11h36.39.583338 +0200,
01-1,008_Purple.jpg,True,Purple,52,0,99,01-1/008_Purple_0.png,1,1,0,None,,,0,,,0,,,0,,,0,,,0,,,0,,,1,[5.651366799953394],[5.651386299985461],0,,,0,,,0,,,5.0,2.1295268000103533,"[(5.0, 2.1295268000103533)]","[0.38333333333333336, 0.33916666666666667, -0.020833333333333332]","[-0.0475, 0.005, -0.2808333333333333]","[1, 1, 1]","[0, 0, 0]","[0, 0, 0]","[0.8490225999848917, 1.885367300012149, 3.148664199979976]","[None, None, 'button2']",1,[3.1578148000407964],[3.1578259001253173],0,,,0,,,0,,,0,,,0,,,0,,,0,,,0,,,0,,,0,,,1,[0.6088677000952885],[0.6088881000177935],0,,,0,,,0,,,0,,,0,,,0,,,0,,,0,,,0,,,0,,,None,0,1,1,18,23.452593199908733,,,,,,,,,,,01-1/008_Purple_0.png,23.246197799919173,23.246426299912855,01-1/008_Purple_0.png,True,Purple,52,0,99,"[1.6516949998913333, 2.3410264999838546]",01-1/008_Purple_0.png,2,,23.260203899932094,23.452593199908733,23.452593199908733,23.452593199908733,23.452593199908733,23.452593199908733,23.452593199908733,23.452593199908733,23.452593199908733,23.452593199908733,23.452593199908733,23.452593199908733,23.452593199908733,23.452593199908733,23.452593199908733,23.452593199908733,23.452593199908733,23.609805499901995,24.19392649992369,28.901363599929027,Purple,2,None,,,0,,,0,,,0,,,0,,,0,,,0,,,1,[5.651366799953394],[5.651386299985461],0,,,0,,,0,,,Purple,32.41249859996606,32.42635650001466,32.76073719991837,29.259461999987252,29.308779899962246,29.308779899962246,0.007821800070814788,29.308779899962246,,31.441840299987234,32.411917299963534,5.0,2.1295268000103533,"[(5.0, 2.1295268000103533)]","[0.38333333333333336, 0.33916666666666667, -0.020833333333333332]","[-0.0475, 0.005, -0.2808333333333333]","[1, 1, 1]","[0, 0, 0]","[0, 0, 0]","[0.8490225999848917, 1.885367300012149, 3.148664199979976]","[None, None, 'button2']",1,[3.1578148000407964],[3.1578259001253173],0,,,0,,,0,,,0,,,0,,,0,,,0,,,0,,,0,,,0,,,32.808667499921285,32.78854609990958,32.808667499921285,32.808667499921285,32.808667499921285,32.808667499921285,32.808667499921285,32.808667499921285,32.808667499921285,33.374437899910845,1,[0.6088677000952885],[0.6088881000177935],0,,,0,,,0,,,0,,,0,,,0,,,0,,,0,,,0,,,0,,,None,33.37490349996369,33.39328189997468,,33.72801730001811,"['Lime-green', 'Purple']",29.308779899962246,,,,,,,,,,,,,,001,006,2026-04-07_11h36.37.290,Train2Laptop,,2026.1.1,59.91353282850322,2026-04-07 11h36.39.583338 +0200,
01-1,006_Yellow.jpg,True,Yellow,100,100,9,01-1/006_Yellow_0.png,2,2,0,"['space', 'space']","[0.37772970006335527, 1.2681161999935284]","[0.13350499991793185, 0.15229460003320128]",0,,,0,,,0,,,0,,,0,,,1,[6.148609400028363],[6.148632099968381],0,,,0,,,0,,,0,,,5.0,1.1169375000754371,"[(5.0, 1.1169375000754371)]","[0.38916666666666666, 0.051666666666666666]","[-0.010833333333333334, -0.2675]","[1, 1]","[0, 0]","[0, 0]","[0.8776239999569952, 2.0762370999436826]","[None, 'button2']",1,[2.0793931001098827],[2.079403700074181],0,,,0,,,0,,,0,,,0,,,0,,,0,,,0,,,0,,,0,,,1,[0.6991858000401407],[0.6992010000394657],0,,,0,,,0,,,0,,,0,,,0,,,0,,,0,,,0,,,0,,,None,0,2,2,27,33.910548999905586,,,,,,,,,,,01-1/006_Yellow_0.png,33.72897419997025,33.72919879993424,01-1/006_Yellow_0.png,True,Yellow,100,100,9,"[1.415180900017731, 2.3210866000736132]",01-1/006_Yellow_0.png,3,,33.74587069998961,33.910548999905586,33.910548999905586,33.910548999905586,33.910548999905586,33.910548999905586,33.910548999905586,33.910548999905586,33.910548999905586,33.910548999905586,33.910548999905586,33.910548999905586,33.910548999905586,33.910548999905586,33.910548999905586,33.910548999905586,33.910548999905586,34.192904399940744,34.76069639995694,39.88129359995946,Yellow,2,"['space', 'space']","[0.37772970006335527, 1.2681161999935284]","[0.13350499991793185, 0.15229460003320128]",0,,,0,,,0,,,0,,,0,,,1,[6.148609400028363],[6.148632099968381],0,,,0,,,0,,,0,,,Yellow,42.31364509998821,42.326014399994165,42.65996969991829,40.233892799937166,40.27493149996735,40.27493149996735,0.0022930001141503453,40.27493149996735,,41.40827909996733,42.31306189997122,5.0,1.1169375000754371,"[(5.0, 1.1169375000754371)]","[0.38916666666666666, 0.051666666666666666]","[-0.010833333333333334, -0.2675]","[1, 1]","[0, 0]","[0, 0]","[0.8776239999569952, 2.0762370999436826]","[None, 'button2']",1,[2.0793931001098827],[2.079403700074181],0,,,0,,,0,,,0,,,0,,,0,,,0,,,0,,,0,,,0,,,42.708420699927956,42.68535449996125,42.708420699927956,42.708420699927956,42.708420699927956,42.708420699927956,42.708420699927956,42.708420699927956,42.708420699927956,43.365514599950984,1,[0.6991858000401407],[0.6992010000394657],0,,,0,,,0,,,0,,,0,,,0,,,0,,,0,,,0,,,0,,,None,43.36599209997803,43.375850199954584,43.87649779999629,43.71008649992291,"['Lime-green', 'Purple', 'Yellow']",,40.27493149996735,,,,,,,,,,,,,001,006,2026-04-07_11h36.37.290,Train2Laptop,,2026.1.1,59.91353282850322,2026-04-07 11h36.39.583338 +0200,
02-1,018_Lime-green.jpg,True,Lime-green,47,100,1,02-1/018_Lime-green_0.png,3,3,0,"['space', 'space']","[1.886385300080292, 2.57279170001857]","[0.09789350000210106, 0.12508770008571446]",0,,,0,,,1,8.460667499923147,8.460680399904959,0,,,0,,,0,,,0,,,0,,,0,,,0,,,5.0,1.2842921999981627,"[(5.0, 1.2842921999981627)]","[0.3625, 0.03833333333333333]","[-0.010833333333333334, -0.2791666666666667]","[1, 1]","[0, 0]","[0, 0]","[1.0436884999508038, 2.508376599987969]","[None, 'button2']",1,[2.5157232000492513],[2.5157351000234485],0,,,0,,,0,,,0,,,0,,,0,,,0,,,0,,,0,,,0,,,1,[0.7175201999489218],[0.7175323999254033],0,,,0,,,0,,,0,,,0,,,0,,,0,,,0,,,0,,,0,,,None,0,3,3,10,43.87649779999629,,,,,,,,,,,02-1/018_Lime-green_0.png,43.711165499989875,43.711323499912396,02-1/018_Lime-green_0.png,True,Lime-green,47,100,1,"[2.9370023999363184, 3.6270265999482945]",02-1/018_Lime-green_0.png,4,,43.72532119997777,43.87649779999629,43.87649779999629,43.87649779999629,43.87649779999629,43.87649779999629,43.87649779999629,43.87649779999629,43.87649779999629,43.87649779999629,43.87649779999629,43.87649779999629,43.87649779999629,43.87649779999629,43.87649779999629,43.87649779999629,43.87649779999629,44.15904109994881,44.69248590001371,52.175886099925265,Lime-green,2,"['space', 'space']","[1.886385300080292, 2.57279170001857]","[0.09789350000210106, 0.12508770008571446]",0,,,0,,,1,8.460667499923147,8.460680399904959,0,,,0,,,0,,,0,,,0,,,0,,,0,,,Lime-green,55.04462950001471,55.059080999926664,55.39266129990574,52.53276719991118,52.57409719994757,52.57409719994757,0.006587799987755716,52.57409719994757,52.57409719994757,53.87409099994693,55.044015699997544,5.0,1.2842921999981627,"[(5.0, 1.2842921999981627)]","[0.3625, 0.03833333333333333]","[-0.010833333333333334, -0.2791666666666667]","[1, 1]","[0, 0]","[0, 0]","[1.0436884999508038, 2.508376599987969]","[None, 'button2']",1,[2.5157232000492513],[2.5157351000234485],0,,,0,,,0,,,0,,,0,,,0,,,0,,,0,,,0,,,0,,,55.4408972999081,55.4189624999417,55.4408972999081,55.4408972999081,55.4408972999081,55.4408972999081,55.4408972999081,55.4408972999081,55.4408972999081,56.11450129991863,1,[0.7175201999489218],[0.7175323999254033],0,,,0,,,0,,,0,,,0,,,0,,,0,,,0,,,0,,,0,,,None,56.11497689993121,56.12540919997264,56.61303000000771,56.458409199956805,"['Lime-green', 'Purple', 'Yellow', 'Lime-green']",,,,,,,,,,,,,,,001,006,2026-04-07_11h36.37.290,Train2Laptop,,2026.1.1,59.91353282850322,2026-04-07 11h36.39.583338 +0200,
02-1,018_Seafoam.jpg,True,Seafoam,13,100,58,02-1/018_Seafoam_0.png,4,4,0,"['space', 'space', 'space', 'space', 'space']","[1.1696239999728277, 1.8170887000160292, 5.895527699962258, 6.451538499910384, 6.688604199909605]","[0.1070035999873653, 0.14317399996798486, 0.08852490002755076, 0.10691850003786385, 0.09759580006357282]",1,14.32943719998002,14.329451399971731,0,,,0,,,0,,,0,,,0,,,0,,,0,,,0,,,0,,,4.0,1.316691100015305,"[(4.0, 1.316691100015305)]","[0.16666666666666666, 0.09333333333333334]","[0.004166666666666667, -0.2816666666666667]","[1, 1]","[0, 0]","[0, 0]","[1.106621399987489, 2.0427711999509484]","[None, 'button2']",1,[2.0499978000298142],[2.050015899934806],0,,,0,,,0,,,0,,,0,,,0,,,0,,,0,,,0,,,0,,,1,[0.5970408000284806],[0.5970544000156224],0,,,0,,,0,,,0,,,0,,,0,,,0,,,0,,,0,,,0,,,None,0,4,4,11,56.61303000000771,,,,,,,,,,,02-1/018_Seafoam_0.png,56.45938859996386,56.45952259993646,02-1/018_Seafoam_0.png,True,Seafoam,13,100,58,"[2.1656454999465495, 2.841548900003545, 6.892010799958371, 7.439859599922784, 7.703527899924666]",02-1/018_Seafoam_0.png,5,,56.47187759994995,56.61303000000771,56.61303000000771,56.61303000000771,56.61303000000771,56.61303000000771,56.61303000000771,56.61303000000771,56.61303000000771,56.61303000000771,56.61303000000771,56.61303000000771,56.61303000000771,56.61303000000771,56.61303000000771,56.61303000000771,56.61303000000771,56.89145329990424,57.42563589999918,70.79434639995452,Seafoam,1,"['space', 'space', 'space', 'space', 'space']","[1.1696239999728277, 1.8170887000160292, 5.895527699962258, 6.451538499910384, 6.688604199909605]","[0.1070035999873653, 0.14317399996798486, 0.08852490002755076, 0.10691850003786385, 0.09759580006357282]",1,14.32943719998002,14.329451399971731,0,,,0,,,0,,,0,,,0,,,0,,,0,,,0,,,0,,,Seafoam,73.19810859998688,73.20890779991169,73.5419407999143,71.15099539991934,71.19048769993242,71.19048769993242,0.0062701000133529305,71.19048769993242,,72.52385709993541,73.19750619994011,4.0,1.316691100015305,"[(4.0, 1.316691100015305)]","[0.16666666666666666, 0.09333333333333334]","[0.004166666666666667, -0.2816666666666667]","[1, 1]","[0, 0]","[0, 0]","[1.106621399987489, 2.0427711999509484]","[None, 'button2']",1,[2.0499978000298142],[2.050015899934806],0,,,0,,,0,,,0,,,0,,,0,,,0,,,0,,,0,,,0,,,73.59057259990368,73.5743749999674,73.59057259990368,73.59057259990368,73.59057259990368,73.59057259990368,73.59057259990368,73.59057259990368,73.59057259990368,74.14759159996174,1,[0.5970408000284806],[0.5970544000156224],0,,,0,,,0,,,0,,,0,,,0,,,0,,,0,,,0,,,0,,,None,74.14806009992026,74.15835769998375,74.67616409994662,74.4928060999373,"['Lime-green', 'Purple', 'Yellow', 'Lime-green', 'Seafoam']",,,71.19048769993242,,,,,,,,,,,,001,006,2026-04-07_11h36.37.290,Train2Laptop,,2026.1.1,59.91353282850322,2026-04-07 11h36.39.583338 +0200,
02-1,014_Pink.jpg,True,Pink,100,9,40,02-1/014_Pink_0.png,5,5,0,"['space', 'space']","[0.3451356999576092, 1.0497447999659926]","[0.07948580000083894, 0.09790060005616397]",0,,,1,4.685376000008546,4.685390200000256,0,,,0,,,0,,,0,,,0,,,0,,,0,,,0,,,5.0,1.2157702000113204,"[(5.0, 1.2157702000113204)]","[0.3475, 0.0375]","[-0.019166666666666665, -0.30916666666666665]","[1, 1]","[0, 0]","[0, 0]","[0.9761681000236422, 2.040178700000979]","[None, 'button2']",1,[2.0401910000946373],[2.0402014000574127],0,,,0,,,0,,,0,,,0,,,0,,,0,,,0,,,0,,,0,,,1,[0.5825672000646591],[0.5825823000632226],0,,,0,,,0,,,0,,,0,,,0,,,0,,,0,,,0,,,0,,,None,0,5,5,8,74.67616409994662,,,,,,,,,,,02-1/014_Pink_0.png,74.49371810001321,74.49386469996534,02-1/014_Pink_0.png,True,Pink,100,9,40,"[1.4237578000174835, 2.173358100000769]",02-1/014_Pink_0.png,6,,74.50674440001603,74.67616409994662,74.67616409994662,74.67616409994662,74.67616409994662,74.67616409994662,74.67616409994662,74.67616409994662,74.67616409994662,74.67616409994662,74.67616409994662,74.67616409994662,74.67616409994662,74.67616409994662,74.67616409994662,74.67616409994662,74.67616409994662,74.9753598999232,75.55837499990594,79.18362939998042,Pink,2,"['space', 'space']","[0.3451356999576092, 1.0497447999659926]","[0.07948580000083894, 0.09790060005616397]",0,,,1,4.685376000008546,4.685390200000256,0,,,0,,,0,,,0,,,0,,,0,,,0,,,0,,,Pink,81.57685199996922,81.59079289995134,81.92490949993953,79.53307389991824,79.57362219993956,79.57362219993956,-0.0008186999475583434,79.57362219993956,,80.80643589992542,81.57630839990452,5.0,1.2157702000113204,"[(5.0, 1.2157702000113204)]","[0.3475, 0.0375]","[-0.019166666666666665, -0.30916666666666665]","[1, 1]","[0, 0]","[0, 0]","[0.9761681000236422, 2.040178700000979]","[None, 'button2']",1,[2.0401910000946373],[2.0402014000574127],0,,,0,,,0,,,0,,,0,,,0,,,0,,,0,,,0,,,0,,,81.97290880000219,81.95115539990366,81.97290880000219,81.97290880000219,81.97290880000219,81.97290880000219,81.97290880000219,81.97290880000219,81.97290880000219,82.51187199994456,1,[0.5825672000646591],[0.5825823000632226],0,,,0,,,0,,,0,,,0,,,0,,,0,,,0,,,0,,,0,,,None,82.5123626999557,82.52457549993414,83.02460060000885,82.85781249997672,"['Lime-green', 'Purple', 'Yellow', 'Lime-green', 'Seafoam', 'Pink']",,,,79.57362219993956,,,,,,,,,,,001,006,2026-04-07_11h36.37.290,Train2Laptop,,2026.1.1,59.91353282850322,2026-04-07 11h36.39.583338 +0200,
01-1,010_Red.jpg,True,Red,99,0,12,01-1/010_Red_0.png,6,6,0,['space'],[1.0458110000472516],[0.10680169996339828],0,,,0,,,0,,,0,,,0,,,0,,,0,,,0,,,1,[4.849869000026956],[4.849884600029327],0,,,5.0,1.0836376999504864,"[(5.0, 1.0836376999504864)]","[0.37333333333333335, 0.06833333333333333]","[-0.020833333333333332, -0.2525]","[1, 1]","[0, 0]","[0, 0]","[0.8442540001124144, 2.0438619001070037]","[None, 'button2']",1,[2.047571500064805],[2.04758080013562],0,,,0,,,0,,,0,,,0,,,0,,,0,,,0,,,0,,,0,,,1,[0.9643275999696925],[0.9643411000724882],0,,,0,,,0,,,0,,,0,,,0,,,0,,,0,,,0,,,0,,,None,0,6,6,25,83.02460060000885,,,,,,,,,,,01-1/010_Red_0.png,82.85878539993428,82.85891710000578,01-1/010_Red_0.png,True,Red,99,0,12,"[1.3950742000015453, 2.077354000066407]",01-1/010_Red_0.png,7,,82.87215439998545,83.02460060000885,83.02460060000885,83.02460060000885,83.02460060000885,83.02460060000885,83.02460060000885,83.02460060000885,83.02460060000885,83.02460060000885,83.02460060000885,83.02460060000885,83.02460060000885,83.02460060000885,83.02460060000885,83.02460060000885,83.02460060000885,83.29117809992749,83.82421829993837,87.71202510001604,Red,2,['space'],[1.0458110000472516],[0.10680169996339828],0,,,0,,,0,,,0,,,0,,,0,,,0,,,0,,,1,[4.849869000026956],[4.849884600029327],0,,,Red,90.11246149998624,90.12392709997948,90.45722859993111,88.06528139999136,88.10605880001094,88.10605880001094,0.002963300095871091,88.10605880001094,,89.20753449993208,90.11191350000445,5.0,1.0836376999504864,"[(5.0, 1.0836376999504864)]","[0.37333333333333335, 0.06833333333333333]","[-0.020833333333333332, -0.2525]","[1, 1]","[0, 0]","[0, 0]","[0.8442540001124144, 2.0438619001070037]","[None, 'button2']",1,[2.047571500064805],[2.04758080013562],0,,,0,,,0,,,0,,,0,,,0,,,0,,,0,,,0,,,0,,,90.50571840000339,90.48349859996233,90.50571840000339,90.50571840000339,90.50571840000339,90.50571840000339,90.50571840000339,90.50571840000339,90.50571840000339,91.42926000000443,1,[0.9643275999696925],[0.9643411000724882],0,,,0,,,0,,,0,,,0,,,0,,,0,,,0,,,0,,,0,,,None,91.42976169998292,91.44070779997855,91.92316179990303,91.77419419994112,"['Lime-green', 'Purple', 'Yellow', 'Lime-green', 'Seafoam', 'Pink', 'Red']",,,,,88.10605880001094,,,,,,,,,,001,006,2026-04-07_11h36.37.290,Train2Laptop,,2026.1.1,59.91353282850322,2026-04-07 11h36.39.583338 +0200,
01-1,007_Cyan.jpg,True,Cyan,1,89,99,01-1/007_Cyan_0.png,7,7,0,None,,,0,,,0,,,0,,,0,,,0,,,0,,,0,,,1,[6.236661599949002],[6.236684400006197],0,,,0,,,5.0,1.7488436000421643,"[(5.0, 1.7488436000421643)]","[0.38083333333333336, 0.018333333333333333]","[-0.018333333333333333, -0.2875]","[1, 1]","[0, 0]","[0, 0]","[1.5074036000296474, 2.572339199949056]","[None, 'button2']",1,[2.5753630999242887],[2.575373200001195],0,,,0,,,0,,,0,,,0,,,0,,,0,,,0,,,0,,,0,,,1,[0.8001965000294149],[0.800207499996759],0,,,0,,,0,,,0,,,0,,,0,,,0,,,0,,,0,,,0,,,None,0,7,7,17,91.92316179990303,,,,,,,,,,,01-1/007_Cyan_0.png,91.7751005999744,91.77523189992644,01-1/007_Cyan_0.png,True,Cyan,1,89,99,"[1.6610422999365255, 3.1201411000220105]",01-1/007_Cyan_0.png,8,,91.78932849992998,91.92316179990303,91.92316179990303,91.92316179990303,91.92316179990303,91.92316179990303,91.92316179990303,91.92316179990303,91.92316179990303,91.92316179990303,91.92316179990303,91.92316179990303,91.92316179990303,91.92316179990303,91.92316179990303,91.92316179990303,91.92316179990303,92.15925449994393,92.75725599995349,98.01495779992547,Cyan,2,None,,,0,,,0,,,0,,,0,,,0,,,0,,,0,,,1,[6.236661599949002],[6.236684400006197],0,,,0,,,Cyan,100.94337829994038,100.9572777999565,101.29107749997638,98.36719649995212,98.40609289996792,98.40609289996792,0.0019835999701172113,98.40609289996792,,100.1735077999765,100.94272839999758,5.0,1.7488436000421643,"[(5.0, 1.7488436000421643)]","[0.38083333333333336, 0.018333333333333333]","[-0.018333333333333333, -0.2875]","[1, 1]","[0, 0]","[0, 0]","[1.5074036000296474, 2.572339199949056]","[None, 'button2']",1,[2.5753630999242887],[2.575373200001195],0,,,0,,,0,,,0,,,0,,,0,,,0,,,0,,,0,,,0,,,101.33937549998518,101.31906189990696,101.33937549998518,101.33937549998518,101.33937549998518,101.33937549998518,101.33937549998518,101.33937549998518,101.33937549998518,102.09653149999212,1,[0.8001965000294149],[0.800207499996759],0,,,0,,,0,,,0,,,0,,,0,,,0,,,0,,,0,,,0,,,None,102.09706449997611,102.1068448999431,102.60741079994477,102.4410618999973,"['Lime-green', 'Purple', 'Yellow', 'Lime-green', 'Seafoam', 'Pink', 'Red', 'Cyan']",,,,,,98.40609289996792,,,,,,,,,001,006,2026-04-07_11h36.37.290,Train2Laptop,,2026.1.1,59.91353282850322,2026-04-07 11h36.39.583338 +0200,
02-1,010_Pink.jpg,True,Pink,98,0,52,02-1/010_Pink_0.png,8,8,0,"['space', 'space', 'space']","[4.593395799980499, 6.249121999950148, 7.224077299935743]","[0.18838720000348985, 0.09797570004593581, 0.1252380000660196]",0,,,1,11.382924299919978,11.382942199939862,0,,,0,,,0,,,0,,,0,,,0,,,0,,,0,,,5.0,1.1827794999117032,"[(5.0, 1.1827794999117032)]","[0.355, 0.03]","[-0.0125, -0.25]","[1, 1]","[0, 0]","[0, 0]","[0.9417402999242768, 1.9077187000075355]","[None, 'button2']",1,[1.9113248999929056],[1.911337099969387],0,,,0,,,0,,,0,,,0,,,0,,,0,,,0,,,0,,,0,,,1,[0.49876620003487915],[0.4987815000349656],0,,,0,,,0,,,0,,,0,,,0,,,0,,,0,,,0,,,0,,,None,0,8,8,3,102.60741079994477,,,,,,,,,,,02-1/010_Pink_0.png,102.44199979992118,102.44215609994717,02-1/010_Pink_0.png,True,Pink,98,0,52,"[5.631029399926774, 7.275903099915013, 7.80052369995974, 8.229711499996483]",02-1/010_Pink_0.png,9,,102.45518179994542,102.60741079994477,102.60741079994477,102.60741079994477,102.60741079994477,102.60741079994477,102.60741079994477,102.60741079994477,102.60741079994477,102.60741079994477,102.60741079994477,102.60741079994477,102.60741079994477,102.60741079994477,102.60741079994477,102.60741079994477,102.60741079994477,102.87396369990893,103.42414449993521,113.83007779996842,Pink,0,"['space', 'space', 'space']","[4.593395799980499, 6.249121999950148, 7.224077299935743]","[0.18838720000348985, 0.09797570004593581, 0.1252380000660196]",0,,,1,11.382924299919978,11.382942199939862,0,,,0,,,0,,,0,,,0,,,0,,,0,,,0,,,Pink,116.09430919995066,116.10618789994624,116.44028340000659,114.18292529997416,114.22236199991312,114.22236199991312,0.0026147000025957823,114.22236199991312,,115.42199669999536,116.09373459999915,5.0,1.1827794999117032,"[(5.0, 1.1827794999117032)]","[0.355, 0.03]","[-0.0125, -0.25]","[1, 1]","[0, 0]","[0, 0]","[0.9417402999242768, 1.9077187000075355]","[None, 'button2']",1,[1.9113248999929056],[1.911337099969387],0,,,0,,,0,,,0,,,0,,,0,,,0,,,0,,,0,,,0,,,116.48852359992452,116.46749019995332,116.48852359992452,116.48852359992452,116.48852359992452,116.48852359992452,116.48852359992452,116.48852359992452,116.48852359992452,116.9456852999283,1,[0.49876620003487915],[0.4987815000349656],0,,,0,,,0,,,0,,,0,,,0,,,0,,,0,,,0,,,0,,,None,116.94613479997497,116.95651639997959,117.45700990001205,117.29004759993404,"['Lime-green', 'Purple', 'Yellow', 'Lime-green', 'Seafoam', 'Pink', 'Red', 'Cyan', 'Pink']",,,,114.22236199991312,,,,,,,,,,,001,006,2026-04-07_11h36.37.290,Train2Laptop,,2026.1.1,59.91353282850322,2026-04-07 11h36.39.583338 +0200,
01-1,010_Yellow.jpg,True,Yellow,100,87,0,01-1/010_Yellow_0.png,9,9,0,['space'],[0.920369999948889],[0.10681590007152408],0,,,0,,,0,,,0,,,0,,,1,[6.900271599995904],[6.900285099982284],0,,,0,,,0,,,0,,,4.0,1.1505997999338433,"[(4.0, 1.1505997999338433)]","[0.15916666666666668, -0.03833333333333333]","[0.0375, -0.31833333333333336]","[1, 1]","[0, 0]","[0, 0]","[0.9390026000328362, 2.038497200002894]","[None, 'button2']",1,[2.0440837000496686],[2.0440935000078753],0,,,0,,,0,,,0,,,0,,,0,,,0,,,0,,,0,,,0,,,1,[0.6338920000707731],[0.6339046000503004],0,,,0,,,0,,,0,,,0,,,0,,,0,,,0,,,0,,,0,,,None,0,9,9,20,117.45700990001205,,,,,,,,,,,01-1/010_Yellow_0.png,117.29099759995006,117.2911353999516,01-1/010_Yellow_0.png,True,Yellow,100,87,0,"[2.00880369998049, 3.284106699982658]",01-1/010_Yellow_0.png,10,,117.30513290001545,117.45700990001205,117.45700990001205,117.45700990001205,117.45700990001205,117.45700990001205,117.45700990001205,117.45700990001205,117.45700990001205,117.45700990001205,117.45700990001205,117.45700990001205,117.45700990001205,117.45700990001205,117.45700990001205,117.45700990001205,117.45700990001205,117.7392718999181,118.27909829991404,124.19499799993355,Yellow,2,['space'],[0.920369999948889],[0.10681590007152408],0,,,0,,,0,,,0,,,0,,,1,[6.900271599995904],[6.900285099982284],0,,,0,,,0,,,0,,,Yellow,126.59203289996367,126.60601889993995,126.9401495999191,124.5499747999711,124.58836950000841,124.58836950000841,0.004691899986937642,124.58836950000841,,125.75502869999036,126.59149089991115,4.0,1.1505997999338433,"[(4.0, 1.1505997999338433)]","[0.15916666666666668, -0.03833333333333333]","[0.0375, -0.31833333333333336]","[1, 1]","[0, 0]","[0, 0]","[0.9390026000328362, 2.038497200002894]","[None, 'button2']",1,[2.0440837000496686],[2.0440935000078753],0,,,0,,,0,,,0,,,0,,,0,,,0,,,0,,,0,,,0,,,126.98842189996503,126.96970849996433,126.98842189996503,126.98842189996503,126.98842189996503,126.98842189996503,126.98842189996503,126.98842189996503,126.98842189996503,127.57847680000123,1,[0.6338920000707731],[0.6339046000503004],0,,,0,,,0,,,0,,,0,,,0,,,0,,,0,,,0,,,0,,,None,127.5789674000116,127.58941609994508,128.10655959998257,127.9233680999605,"['Lime-green', 'Purple', 'Yellow', 'Lime-green', 'Seafoam', 'Pink', 'Red', 'Cyan', 'Pink', 'Yellow']",,124.58836950000841,,,,,,,,,,,,,001,006,2026-04-07_11h36.37.290,Train2Laptop,,2026.1.1,59.91353282850322,2026-04-07 11h36.39.583338 +0200,
02-1,012_Lime-green.jpg,True,Lime-green,61,94,3,02-1/012_Lime-green_0.png,10,10,0,"['space', 'space']","[1.0948057000059634, 2.329573699971661]","[0.1157476999796927, 0.09789730003103614]",0,,,0,,,1,10.420367900049314,10.42039109999314,0,,,0,,,0,,,0,,,0,,,0,,,0,,,5.0,1.5150978999445215,"[(5.0, 1.5150978999445215)]","[0.38333333333333336, 0.06]","[0.0033333333333333335, -0.2575]","[1, 1]","[0, 0]","[0, 0]","[1.2740016999887303, 2.404543700045906]","[None, 'button2']",1,[2.4059697000775486],[2.405978800030425],0,,,0,,,0,,,0,,,0,,,0,,,0,,,0,,,0,,,0,,,1,[0.6175782000645995],[0.6175928000593558],0,,,0,,,0,,,0,,,0,,,0,,,0,,,0,,,0,,,0,,,None,0,10,10,5,128.10655959998257,,,,,,,,,,,02-1/012_Lime-green_0.png,127.92457859998103,127.92474469996523,02-1/012_Lime-green_0.png,True,Lime-green,61,94,3,"[2.0943417999660596, 3.3259415000211447]",02-1/012_Lime-green_0.png,11,,127.9387674999889,128.10655959998257,128.10655959998257,128.10655959998257,128.10655959998257,128.10655959998257,128.10655959998257,128.10655959998257,128.10655959998257,128.10655959998257,128.10655959998257,128.10655959998257,128.10655959998257,128.10655959998257,128.10655959998257,128.10655959998257,128.10655959998257,128.40562949993182,128.8565294999862,138.34895429993048,Lime-green,2,"['space', 'space']","[1.0948057000059634, 2.329573699971661]","[0.1157476999796927, 0.09789730003103614]",0,,,0,,,1,10.420367900049314,10.42039109999314,0,,,0,,,0,,,0,,,0,,,0,,,0,,,Lime-green,141.1077783999499,141.1222773999907,141.4553636999335,138.69970579992514,138.7380167999072,138.7380167999072,0.0004922000225633383,138.7380167999072,138.7380167999072,140.2713363999501,141.10724629997276,5.0,1.5150978999445215,"[(5.0, 1.5150978999445215)]","[0.38333333333333336, 0.06]","[0.0033333333333333335, -0.2575]","[1, 1]","[0, 0]","[0, 0]","[1.2740016999887303, 2.404543700045906]","[None, 'button2']",1,[2.4059697000775486],[2.405978800030425],0,,,0,,,0,,,0,,,0,,,0,,,0,,,0,,,0,,,0,,,141.5038998000091,141.48284029995557,141.5038998000091,141.5038998000091,141.5038998000091,141.5038998000091,141.5038998000091,141.5038998000091,141.5038998000091,142.07783670001663,1,[0.6175782000645995],[0.6175928000593558],0,,,0,,,0,,,0,,,0,,,0,,,0,,,0,,,0,,,0,,,None,142.07842929998878,142.08896309998818,142.60542509995867,142.42435250000563,"['Lime-green', 'Purple', 'Yellow', 'Lime-green', 'Seafoam', 'Pink', 'Red', 'Cyan', 'Pink', 'Yellow', 'Lime-green']",,,,,,,,,,,,,,,001,006,2026-04-07_11h36.37.290,Train2Laptop,,2026.1.1,59.91353282850322,2026-04-07 11h36.39.583338 +0200,
02-1,022_Seafoam.jpg,True,Seafoam,0,99,72,02-1/022_Seafoam_0.png,11,11,0,['space'],[0.10288170003332198],[0.16111859993543476],1,11.738353200023994,11.738367500016466,0,,,0,,,0,,,0,,,0,,,0,,,0,,,0,,,0,,,3.0,1.567180800018832,"[(3.0, 1.567180800018832)]","[-0.0125, -0.015]","[-0.03833333333333333, -0.26]","[1, 1]","[0, 0]","[0, 0]","[1.3207645999500528, 2.65206130000297]","[None, 'button2']",1,[2.6690763999940827],[2.669086500070989],0,,,0,,,0,,,0,,,0,,,0,,,0,,,0,,,0,,,0,,,1,[0.7009720000205562],[0.7009858000092208],0,,,0,,,0,,,0,,,0,,,0,,,0,,,0,,,0,,,0,,,None,0,11,11,12,142.60542509995867,,,,,,,,,,,02-1/022_Seafoam_0.png,142.4252766999416,142.425425699912,02-1/022_Seafoam_0.png,True,Seafoam,0,99,72,"[1.1523210000013933, 2.0699640000239015]",02-1/022_Seafoam_0.png,12,,142.43888619996142,142.60542509995867,142.60542509995867,142.60542509995867,142.60542509995867,142.60542509995867,142.60542509995867,142.60542509995867,142.60542509995867,142.60542509995867,142.60542509995867,142.60542509995867,142.60542509995867,142.60542509995867,142.60542509995867,142.60542509995867,142.60542509995867,142.88800709997304,143.47195539996028,154.16900579992216,Seafoam,2,['space'],[0.10288170003332198],[0.16111859993543476],1,11.738353200023994,11.738367500016466,0,,,0,,,0,,,0,,,0,,,0,,,0,,,0,,,0,,,Seafoam,157.1909668999724,157.2050025999779,157.5391938999528,154.5351735999575,154.58744369994383,154.58744369994383,0.015912699978798628,154.58744369994383,,156.15456079994328,157.19043019996025,3.0,1.567180800018832,"[(3.0, 1.567180800018832)]","[-0.0125, -0.015]","[-0.03833333333333333, -0.26]","[1, 1]","[0, 0]","[0, 0]","[1.3207645999500528, 2.65206130000297]","[None, 'button2']",1,[2.6690763999940827],[2.669086500070989],0,,,0,,,0,,,0,,,0,,,0,,,0,,,0,,,0,,,0,,,157.58715249993838,157.57116970000789,157.58715249993838,157.58715249993838,157.58715249993838,157.58715249993838,157.58715249993838,157.58715249993838,157.58715249993838,158.244449299993,1,[0.7009720000205562],[0.7009858000092208],0,,,0,,,0,,,0,,,0,,,0,,,0,,,0,,,0,,,0,,,None,158.2449401000049,158.25502869999036,,158.60394960001577,"['Lime-green', 'Purple', 'Yellow', 'Lime-green', 'Seafoam', 'Pink', 'Red', 'Cyan', 'Pink', 'Yellow', 'Lime-green', 'Seafoam']",,,154.58744369994383,,,,,,,,,,,,001,006,2026-04-07_11h36.37.290,Train2Laptop,,2026.1.1,59.91353282850322,2026-04-07 11h36.39.583338 +0200,
02-1,008_Orange.jpg,True,Orange,100,53,0,02-1/008_Orange_0.png,12,12,0,"['space', 'space']","[0.21050299995113164, 2.2390332999639213]","[0.12471810006536543, 0.05245119996834546]",0,,,0,,,0,,,1,9.206088099977933,9.206106500001624,0,,,0,,,0,,,0,,,0,,,0,,,5.0,1.517291700001806,"[(5.0, 1.517291700001806)]","[0.36583333333333334, 0.0475]","[0.0175, -0.2825]","[1, 1]","[0, 0]","[0, 0]","[1.3077579999808222, 2.7107571000233293]","[None, 'button2']",1,[2.725540600018576],[2.725554200122133],0,,,0,,,0,,,0,,,0,,,0,,,0,,,0,,,0,,,0,,,1,[0.6809314000420272],[0.6809472000459209],0,,,0,,,0,,,0,,,0,,,0,,,0,,,0,,,0,,,0,,,None,0,12,12,2,158.78895879990887,,,,,,,,,,,02-1/008_Orange_0.png,158.60501289996319,158.60521589999553,02-1/008_Orange_0.png,True,Orange,100,53,0,"[1.2033830999862403, 3.2286467000376433]",02-1/008_Orange_0.png,13,,158.61870330001693,158.78895879990887,158.78895879990887,158.78895879990887,158.78895879990887,158.78895879990887,158.78895879990887,158.78895879990887,158.78895879990887,158.78895879990887,158.78895879990887,158.78895879990887,158.78895879990887,158.78895879990887,158.78895879990887,158.78895879990887,158.78895879990887,158.938547299942,159.55541359994095,167.81494319997728,Orange,2,"['space', 'space']","[0.21050299995113164, 2.2390332999639213]","[0.12471810006536543, 0.05245119996834546]",0,,,0,,,0,,,1,9.206088099977933,9.206106500001624,0,,,0,,,0,,,0,,,0,,,0,,,Orange,170.89394390000962,170.90481849992648,171.23833590000868,168.17908079992048,168.21997649990954,168.21997649990954,0.01387380005326122,168.21997649990954,,169.75312729994766,170.89340519998223,5.0,1.517291700001806,"[(5.0, 1.517291700001806)]","[0.36583333333333334, 0.0475]","[0.0175, -0.2825]","[1, 1]","[0, 0]","[0, 0]","[1.3077579999808222, 2.7107571000233293]","[None, 'button2']",1,[2.725540600018576],[2.725554200122133],0,,,0,,,0,,,0,,,0,,,0,,,0,,,0,,,0,,,0,,,171.28631829994265,171.26578439993318,171.28631829994265,171.28631829994265,171.28631829994265,171.28631829994265,171.28631829994265,171.28631829994265,171.28631829994265,171.92735829995945,1,[0.6809314000420272],[0.6809472000459209],0,,,0,,,0,,,0,,,0,,,0,,,0,,,0,,,0,,,0,,,None,171.92783179995604,171.9373115999624,172.43798930000048,172.27137869992293,"['Lime-green', 'Purple', 'Yellow', 'Lime-green', 'Seafoam', 'Pink', 'Red', 'Cyan', 'Pink', 'Yellow', 'Lime-green', 'Seafoam', 'Orange']",,,,,,,168.21997649990954,,,,,,,,001,006,2026-04-07_11h36.37.290,Train2Laptop,,2026.1.1,59.91353282850322,2026-04-07 11h36.39.583338 +0200,
01-1,011_Cyan.jpg,True,Cyan,0,88,97,01-1/011_Cyan_0.png,13,13,0,['space'],[0.19068369991146028],[0.11614439997356385],0,,,0,,,0,,,0,,,0,,,0,,,0,,,1,[7.384569699992426],[7.3845812999643385],0,,,0,,,5.0,1.4155010000104085,"[(5.0, 1.4155010000104085)]","[0.365, 0.03166666666666667]","[-0.019166666666666665, -0.305]","[1, 1]","[0, 0]","[0, 0]","[1.1763793000718579, 2.2757507000351325]","[None, 'button2']",1,[2.2797060000011697],[2.2797166999662295],0,,,0,,,0,,,0,,,0,,,0,,,0,,,0,,,0,,,0,,,1,[0.563516000052914],[0.563531200052239],0,,,0,,,0,,,0,,,0,,,0,,,0,,,0,,,0,,,0,,,None,0,13,13,21,172.43798930000048,,,,,,,,,,,01-1/011_Cyan_0.png,172.272314599948,172.27245319995563,01-1/011_Cyan_0.png,True,Cyan,0,88,97,"[1.2633600999834016, 3.0233081999467686]",01-1/011_Cyan_0.png,14,,172.2868653999176,172.43798930000048,172.43798930000048,172.43798930000048,172.43798930000048,172.43798930000048,172.43798930000048,172.43798930000048,172.43798930000048,172.43798930000048,172.43798930000048,172.43798930000048,172.43798930000048,172.43798930000048,172.43798930000048,172.43798930000048,172.43798930000048,172.70442089997232,173.23820609995164,179.65942879999056,Cyan,2,['space'],[0.19068369991146028],[0.11614439997356385],0,,,0,,,0,,,0,,,0,,,0,,,0,,,1,[7.384569699992426],[7.3845812999643385],0,,,0,,,Cyan,182.29211149993353,182.3036067999201,182.63832919998094,180.01277699996717,180.0527000000002,180.0527000000002,0.0031080000335350633,180.0527000000002,,181.48615259991493,182.29144489997998,5.0,1.4155010000104085,"[(5.0, 1.4155010000104085)]","[0.365, 0.03166666666666667]","[-0.019166666666666665, -0.305]","[1, 1]","[0, 0]","[0, 0]","[1.1763793000718579, 2.2757507000351325]","[None, 'button2']",1,[2.2797060000011697],[2.2797166999662295],0,,,0,,,0,,,0,,,0,,,0,,,0,,,0,,,0,,,0,,,182.6857730000047,182.6667961999774,182.6857730000047,182.6857730000047,182.6857730000047,182.6857730000047,182.6857730000047,182.6857730000047,182.6857730000047,183.20807930000592,1,[0.563516000052914],[0.563531200052239],0,,,0,,,0,,,0,,,0,,,0,,,0,,,0,,,0,,,0,,,None,183.20854309992865,183.22023589990567,183.70425870001782,183.55427019996569,"['Lime-green', 'Purple', 'Yellow', 'Lime-green', 'Seafoam', 'Pink', 'Red', 'Cyan', 'Pink', 'Yellow', 'Lime-green', 'Seafoam', 'Orange', 'Cyan']",,,,,,180.0527000000002,,,,,,,,,001,006,2026-04-07_11h36.37.290,Train2Laptop,,2026.1.1,59.91353282850322,2026-04-07 11h36.39.583338 +0200,
01-1,018_Purple.jpg,True,Purple,51,2,100,01-1/018_Purple_0.png,14,14,0,"['space', 'space']","[2.5662350999191403, 3.5574056999757886]","[0.08851200004573911, 0.08880509994924068]",0,,,0,,,0,,,0,,,0,,,0,,,1,[7.377599400002509],[7.377622799947858],0,,,0,,,0,,,5.0,1.1494046000298113,"[(5.0, 1.1494046000298113)]","[0.36833333333333335, 0.0675]","[-0.025833333333333333, -0.2525]","[1, 1]","[0, 0]","[0, 0]","[0.9058641999727115, 1.9060716999229044]","[None, 'button2']",1,[1.9174077999778092],[1.9174199999542907],0,,,0,,,0,,,0,,,0,,,0,,,0,,,0,,,0,,,0,,,1,[1.065810100059025],[1.065830699983053],0,,,0,,,0,,,0,,,0,,,0,,,0,,,0,,,0,,,0,,,None,0,14,14,23,183.70425870001782,,,,,,,,,,,01-1/018_Purple_0.png,183.55534369999077,183.5554853999056,01-1/018_Purple_0.png,True,Purple,51,2,100,"[3.568740400020033, 4.537767600035295]",01-1/018_Purple_0.png,15,,183.5689735999331,183.70425870001782,183.70425870001782,183.70425870001782,183.70425870001782,183.70425870001782,183.70425870001782,183.70425870001782,183.70425870001782,183.70425870001782,183.70425870001782,183.70425870001782,183.70425870001782,183.70425870001782,183.70425870001782,183.70425870001782,183.70425870001782,183.96985819994006,184.50426799990237,190.93636299995705,Purple,2,"['space', 'space']","[2.5662350999191403, 3.5574056999757886]","[0.08851200004573911, 0.08880509994924068]",0,,,0,,,0,,,0,,,0,,,0,,,1,[7.377599400002509],[7.377622799947858],0,,,0,,,0,,,Purple,193.20727069990244,193.22078829992097,193.5553523999406,191.29708910000045,191.33645499998238,191.33645499998238,0.010422599967569113,191.33645499998238,,192.50272109999787,193.20662999991328,5.0,1.1494046000298113,"[(5.0, 1.1494046000298113)]","[0.36833333333333335, 0.0675]","[-0.025833333333333333, -0.2525]","[1, 1]","[0, 0]","[0, 0]","[0.9058641999727115, 1.9060716999229044]","[None, 'button2']",1,[1.9174077999778092],[1.9174199999542907],0,,,0,,,0,,,0,,,0,,,0,,,0,,,0,,,0,,,0,,,193.60309089999646,193.5856204999145,193.60309089999646,193.60309089999646,193.60309089999646,193.60309089999646,193.60309089999646,193.60309089999646,193.60309089999646,194.62597039993852,1,[1.065810100059025],[1.065830699983053],0,,,0,,,0,,,0,,,0,,,0,,,0,,,0,,,0,,,0,,,None,194.62648569990415,194.63684950000606,195.13736729999073,194.97158089990262,"['Lime-green', 'Purple', 'Yellow', 'Lime-green', 'Seafoam', 'Pink', 'Red', 'Cyan', 'Pink', 'Yellow', 'Lime-green', 'Seafoam', 'Orange', 'Cyan', 'Purple']",191.33645499998238,,,,,,,,,,,,,,001,006,2026-04-07_11h36.37.290,Train2Laptop,,2026.1.1,59.91353282850322,2026-04-07 11h36.39.583338 +0200,
01-1,014_Yellow.jpg,True,Yellow,100,98,11,01-1/014_Yellow_0.png,15,15,0,['space'],[1.0501193999079987],[0.09794260002672672],0,,,0,,,0,,,0,,,0,,,1,[17.450752799981274],[17.450769099988975],0,,,0,,,0,,,0,,,5.0,9.848872900009155,"[(5.0, 9.848872900009155)]","[0.35333333333333333, 0.015833333333333335]","[-0.045, -0.2816666666666667]","[1, 1]","[0, 0]","[0, 0]","[9.63885129999835, 10.639990199939348]","[None, 'button2']",1,[10.643852300010622],[10.643863699981011],0,,,0,,,0,,,0,,,0,,,0,,,0,,,0,,,0,,,0,,,1,[0.6325613000662997],[0.6325748000526801],0,,,0,,,0,,,0,,,0,,,0,,,0,,,0,,,0,,,0,,,None,0,15,15,22,195.13736729999073,,,,,,,,,,,01-1/014_Yellow_0.png,194.9725304999156,194.97268349991646,01-1/014_Yellow_0.png,True,Yellow,100,98,11,"[2.097129500005394, 5.724371899967082]",01-1/014_Yellow_0.png,16,,194.98727569996845,195.13736729999073,195.13736729999073,195.13736729999073,195.13736729999073,195.13736729999073,195.13736729999073,195.13736729999073,195.13736729999073,195.13736729999073,195.13736729999073,195.13736729999073,195.13736729999073,195.13736729999073,195.13736729999073,195.13736729999073,195.13736729999073,195.4441766999662,196.00393239990808,212.4266893999884,Yellow,2,['space'],[1.0501193999079987],[0.09794260002672672],0,,,0,,,0,,,0,,,0,,,1,[17.450752799981274],[17.450769099988975],0,,,0,,,0,,,0,,,Yellow,223.4235422000056,223.43619099992793,223.77010729990434,212.77994659997057,212.81857349991333,212.81857349991333,0.00294379994738847,212.81857349991333,,222.68500219995622,223.42298899998423,5.0,9.848872900009155,"[(5.0, 9.848872900009155)]","[0.35333333333333333, 0.015833333333333335]","[-0.045, -0.2816666666666667]","[1, 1]","[0, 0]","[0, 0]","[9.63885129999835, 10.639990199939348]","[None, 'button2']",1,[10.643852300010622],[10.643863699981011],0,,,0,,,0,,,0,,,0,,,0,,,0,,,0,,,0,,,0,,,223.81827289995272,223.79981039999984,223.81827289995272,223.81827289995272,223.81827289995272,223.81827289995272,223.81827289995272,223.81827289995272,223.81827289995272,224.4085875999881,1,[0.6325613000662997],[0.6325748000526801],0,,,0,,,0,,,0,,,0,,,0,,,0,,,0,,,0,,,0,,,None,224.409057199955,224.4194964999333,224.93627939990256,224.75370050000492,"['Lime-green', 'Purple', 'Yellow', 'Lime-green', 'Seafoam', 'Pink', 'Red', 'Cyan', 'Pink', 'Yellow', 'Lime-green', 'Seafoam', 'Orange', 'Cyan', 'Purple', 'Yellow']",,212.81857349991333,,,,,,,,,,,,,001,006,2026-04-07_11h36.37.290,Train2Laptop,,2026.1.1,59.91353282850322,2026-04-07 11h36.39.583338 +0200,
01-1,008_Blue.jpg,True,Blue,4,9,100,01-1/008_Blue_0.png,16,16,0,"['space', 'space', 'space']","[16.22172400006093, 17.213666600058787, 31.51507359999232]","[0.10660790000110865, 0.08866000000853091, 0.08881540002766997]",0,,,0,,,0,,,0,,,1,[36.32778789999429],[36.327810000046156],0,,,0,,,0,,,0,,,0,,,5.0,1.9510504000354558,"[(5.0, 1.9510504000354558)]","[0.36333333333333334, 0.03666666666666667]","[-0.02, -0.26]","[1, 1]","[0, 0]","[0, 0]","[1.7416879000375047, 2.70996390003711]","[None, 'button2']",1,[2.715524600003846],[2.71553489996586],0,,,0,,,0,,,0,,,0,,,0,,,0,,,0,,,0,,,0,,,1,[0.5667405999265611],[0.5667571999365464],0,,,0,,,0,,,0,,,0,,,0,,,0,,,0,,,0,,,0,,,None,0,16,16,24,224.93627939990256,,,,,,,,,,,01-1/008_Blue_0.png,224.75479529995937,224.75496629998088,01-1/008_Blue_0.png,True,Blue,4,9,100,"[16.35466529999394, 17.172609100001864, 18.232347500044852, 21.23911930003669, 31.56887469999492, 32.50817439996172]",01-1/008_Blue_0.png,17,,224.76911180000752,224.93627939990256,224.93627939990256,224.93627939990256,224.93627939990256,224.93627939990256,224.93627939990256,224.93627939990256,224.93627939990256,224.93627939990256,224.93627939990256,224.93627939990256,224.93627939990256,224.93627939990256,224.93627939990256,224.93627939990256,224.93627939990256,225.2520146999741,225.7033647999633,261.0867636000039,Blue,2,"['space', 'space', 'space']","[16.22172400006093, 17.213666600058787, 31.51507359999232]","[0.10660790000110865, 0.08866000000853091, 0.08881540002766997]",0,,,0,,,0,,,0,,,1,[36.32778789999429],[36.327810000046156],0,,,0,,,0,,,0,,,0,,,Blue,264.1553157999879,264.1679101999616,264.50255069998093,261.4419078999199,261.48335210001096,261.48335210001096,0.004720499971881509,261.48335210001096,,263.45013349992223,264.15476920001674,5.0,1.9510504000354558,"[(5.0, 1.9510504000354558)]","[0.36333333333333334, 0.03666666666666667]","[-0.02, -0.26]","[1, 1]","[0, 0]","[0, 0]","[1.7416879000375047, 2.70996390003711]","[None, 'button2']",1,[2.715524600003846],[2.71553489996586],0,,,0,,,0,,,0,,,0,,,0,,,0,,,0,,,0,,,0,,,264.5499942000024,264.534865399939,264.5499942000024,264.5499942000024,264.5499942000024,264.5499942000024,264.5499942000024,264.5499942000024,264.5499942000024,265.07453789992724,1,[0.5667405999265611],[0.5667571999365464],0,,,0,,,0,,,0,,,0,,,0,,,0,,,0,,,0,,,0,,,None,265.07500019995496,265.0853317999281,265.6027808999643,265.41912949993275,"['Lime-green', 'Purple', 'Yellow', 'Lime-green', 'Seafoam', 'Pink', 'Red', 'Cyan', 'Pink', 'Yellow', 'Lime-green', 'Seafoam', 'Orange', 'Cyan', 'Purple', 'Yellow', 'Blue']",,,,,,,,261.48335210001096,,,,,,,001,006,2026-04-07_11h36.37.290,Train2Laptop,,2026.1.1,59.91353282850322,2026-04-07 11h36.39.583338 +0200,
02-1,011_Orange.jpg,True,Orange,99,48,0,02-1/011_Orange_0.png,17,17,0,"['space', 'space']","[0.3376810000045225, 4.432777300011367]","[0.11573809990659356, 0.07978809997439384]",0,,,0,,,0,,,1,10.077796899946406,10.07782300002873,0,,,0,,,0,,,0,,,0,,,0,,,5.0,1.0164071000181139,"[(5.0, 1.0164071000181139)]","[0.3725, 0.03916666666666667]","[0.008333333333333333, -0.275]","[1, 1]","[0, 0]","[0, 0]","[0.774427599972114, 1.972068699891679]","[None, 'button2']",1,[1.9807370000053197],[1.9807473999680951],0,,,0,,,0,,,0,,,0,,,0,,,0,,,0,,,0,,,0,,,1,[0.6673374000238255],[0.6673531000269577],0,,,0,,,0,,,0,,,0,,,0,,,0,,,0,,,0,,,0,,,None,0,17,17,4,265.6027808999643,,,,,,,,,,,02-1/011_Orange_0.png,265.4208439999493,265.4210475999862,02-1/011_Orange_0.png,True,Orange,99,48,0,"[1.379032799974084, 5.4998060000361875]",02-1/011_Orange_0.png,18,,265.4367831000127,265.6027808999643,265.6027808999643,265.6027808999643,265.6027808999643,265.6027808999643,265.6027808999643,265.6027808999643,265.6027808999643,265.6027808999643,265.6027808999643,265.6027808999643,265.6027808999643,265.6027808999643,265.6027808999643,265.6027808999643,265.6027808999643,265.8846496999031,266.43548799993005,275.50290510000195,Orange,2,"['space', 'space']","[0.3376810000045225, 4.432777300011367]","[0.11573809990659356, 0.07978809997439384]",0,,,0,,,0,,,1,10.077796899946406,10.07782300002873,0,,,0,,,0,,,0,,,0,,,0,,,Orange,277.83657879999373,277.850704499986,278.1843540999107,275.8609125999501,275.8994699999457,275.8994699999457,0.007747899973765016,275.8994699999457,,276.9330485999817,277.8360075999517,5.0,1.0164071000181139,"[(5.0, 1.0164071000181139)]","[0.3725, 0.03916666666666667]","[0.008333333333333333, -0.275]","[1, 1]","[0, 0]","[0, 0]","[0.774427599972114, 1.972068699891679]","[None, 'button2']",1,[1.9807370000053197],[1.9807473999680951],0,,,0,,,0,,,0,,,0,,,0,,,0,,,0,,,0,,,0,,,278.23269669990987,278.21244829997886,278.23269669990987,278.23269669990987,278.23269669990987,278.23269669990987,278.23269669990987,278.23269669990987,278.23269669990987,278.85648389998823,1,[0.6673374000238255],[0.6673531000269577],0,,,0,,,0,,,0,,,0,,,0,,,0,,,0,,,0,,,0,,,None,278.85697829991113,278.86710299993865,279.384440899943,279.202133600018,"['Lime-green', 'Purple', 'Yellow', 'Lime-green', 'Seafoam', 'Pink', 'Red', 'Cyan', 'Pink', 'Yellow', 'Lime-green', 'Seafoam', 'Orange', 'Cyan', 'Purple', 'Yellow', 'Blue', 'Orange']",,,,,,,275.8994699999457,,,,,,,,001,006,2026-04-07_11h36.37.290,Train2Laptop,,2026.1.1,59.91353282850322,2026-04-07 11h36.39.583338 +0200,
01-1,006_Purple.jpg,True,Purple,65,0,100,01-1/006_Purple_0.png,18,18,0,['space'],[0.8291093000443652],[0.10704499995335937],0,,,0,,,0,,,0,,,0,,,0,,,1,[6.317153599928133],[6.317179000005126],0,,,0,,,0,,,5.0,1.0161230000667274,"[(5.0, 1.0161230000667274)]","[0.3591666666666667, 0.07333333333333333]","[0.009166666666666667, -0.2783333333333333]","[1, 1]","[0, 0]","[0, 0]","[0.7756017000647262, 1.973406600067392]","[None, 'button2']",1,[1.9766122000291944],[1.9766245000064373],0,,,0,,,0,,,0,,,0,,,0,,,0,,,0,,,0,,,0,,,1,[0.6825103000737727],[0.6825250000692904],0,,,0,,,0,,,0,,,0,,,0,,,0,,,0,,,0,,,0,,,None,0,18,18,16,279.384440899943,,,,,,,,,,,01-1/006_Purple_0.png,279.2030350000132,279.2031802999554,01-1/006_Purple_0.png,True,Purple,65,0,100,"[1.7705370999174193, 2.690165999927558]",01-1/006_Purple_0.png,19,,279.21729039994534,279.384440899943,279.384440899943,279.384440899943,279.384440899943,279.384440899943,279.384440899943,279.384440899943,279.384440899943,279.384440899943,279.384440899943,279.384440899943,279.384440899943,279.384440899943,279.384440899943,279.384440899943,279.384440899943,279.68313019990455,280.1340820000041,285.52360939991195,Purple,2,['space'],[0.8291093000443652],[0.10704499995335937],0,,,0,,,0,,,0,,,0,,,0,,,1,[6.317153599928133],[6.317179000005126],0,,,0,,,0,,,Purple,287.85418659995776,287.86697719991207,288.20086049998645,285.87611830001697,285.9158127999399,285.9158127999399,0.0021927000489085913,285.9158127999399,,286.94931019993965,287.85353520000353,5.0,1.0161230000667274,"[(5.0, 1.0161230000667274)]","[0.3591666666666667, 0.07333333333333333]","[0.009166666666666667, -0.2783333333333333]","[1, 1]","[0, 0]","[0, 0]","[0.7756017000647262, 1.973406600067392]","[None, 'button2']",1,[1.9766122000291944],[1.9766245000064373],0,,,0,,,0,,,0,,,0,,,0,,,0,,,0,,,0,,,0,,,288.24948859994765,288.2329286999302,288.24948859994765,288.24948859994765,288.24948859994765,288.24948859994765,288.24948859994765,288.24948859994765,288.24948859994765,288.8892275999533,1,[0.6825103000737727],[0.6825250000692904],0,,,0,,,0,,,0,,,0,,,0,,,0,,,0,,,0,,,0,,,None,288.8897313999478,288.90079410001636,289.4001653000014,289.23391489998903,"['Lime-green', 'Purple', 'Yellow', 'Lime-green', 'Seafoam', 'Pink', 'Red', 'Cyan', 'Pink', 'Yellow', 'Lime-green', 'Seafoam', 'Orange', 'Cyan', 'Purple', 'Yellow', 'Blue', 'Orange', 'Purple']",285.9158127999399,,,,,,,,,,,,,,001,006,2026-04-07_11h36.37.290,Train2Laptop,,2026.1.1,59.91353282850322,2026-04-07 11h36.39.583338 +0200,
02-1,014_Orange.jpg,True,Orange,100,61,7,02-1/014_Orange_0.png,19,19,0,None,,,0,,,0,,,0,,,1,7.088664700044319,7.088683500071056,0,,,0,,,0,,,0,,,0,,,0,,,5.0,1.1157706999219954,"[(5.0, 1.1157706999219954)]","[0.3525, 0.04833333333333333]","[-0.004166666666666667, -0.2825]","[1, 1]","[0, 0]","[0, 0]","[0.8761997999390587, 1.939326399937272]","[None, 'button2']",1,[1.955027800053358],[1.9550380000146106],0,,,0,,,0,,,0,,,0,,,0,,,0,,,0,,,0,,,0,,,1,[0.6679295999929309],[0.6679435000987723],0,,,0,,,0,,,0,,,0,,,0,,,0,,,0,,,0,,,0,,,None,0,19,19,7,289.4001653000014,,,,,,,,,,,02-1/014_Orange_0.png,289.2350168999983,289.23516789998394,02-1/014_Orange_0.png,True,Orange,100,61,7,"[2.0657542999833822, 3.738798200036399]",02-1/014_Orange_0.png,20,,289.2502741999924,289.4001653000014,289.4001653000014,289.4001653000014,289.4001653000014,289.4001653000014,289.4001653000014,289.4001653000014,289.4001653000014,289.4001653000014,289.4001653000014,289.4001653000014,289.4001653000014,289.4001653000014,289.4001653000014,289.4001653000014,289.4001653000014,289.667383999913,290.25044739991426,296.32787539996207,Orange,2,None,,,0,,,0,,,0,,,1,7.088664700044319,7.088683500071056,0,,,0,,,0,,,0,,,0,,,0,,,Orange,298.63582239998505,298.6497236000141,298.98418439994566,296.6929075999651,296.8988850999158,296.8988850999158,0.014732400071807206,296.8988850999158,,297.865581799997,298.6352688999614,5.0,1.1157706999219954,"[(5.0, 1.1157706999219954)]","[0.3525, 0.04833333333333333]","[-0.004166666666666667, -0.2825]","[1, 1]","[0, 0]","[0, 0]","[0.8761997999390587, 1.939326399937272]","[None, 'button2']",1,[1.955027800053358],[1.9550380000146106],0,,,0,,,0,,,0,,,0,,,0,,,0,,,0,,,0,,,0,,,299.0328243999975,299.0159977999283,299.0328243999975,299.0328243999975,299.0328243999975,299.0328243999975,299.0328243999975,299.0328243999975,299.0328243999975,299.6561922999099,1,[0.6679295999929309],[0.6679435000987723],0,,,0,,,0,,,0,,,0,,,0,,,0,,,0,,,0,,,0,,,None,299.65666430001147,299.66667499998584,300.1665316999424,300.0004906000104,"['Lime-green', 'Purple', 'Yellow', 'Lime-green', 'Seafoam', 'Pink', 'Red', 'Cyan', 'Pink', 'Yellow', 'Lime-green', 'Seafoam', 'Orange', 'Cyan', 'Purple', 'Yellow', 'Blue', 'Orange', 'Purple', 'Orange']",,,,,,,296.8988850999158,,,,,,,,001,006,2026-04-07_11h36.37.290,Train2Laptop,,2026.1.1,59.91353282850322,2026-04-07 11h36.39.583338 +0200,
02-1,006_Orange.jpg,True,Orange,100,45,0,02-1/006_Orange_0.png,20,20,0,None,,,0,,,0,,,0,,,1,5.836500499979593,5.836514199967496,0,,,0,,,0,,,0,,,0,,,0,,,5.0,1.2163741999538615,"[(5.0, 1.2163741999538615)]","[0.3641666666666667, 0.05333333333333334]","[-0.005833333333333334, -0.265]","[1, 1]","[0, 0]","[0, 0]","[0.9755079000024125, 2.0397235000273213]","[None, 'button2']",1,[2.0400636000558734],[2.040072300005704],0,,,0,,,0,,,0,,,0,,,0,,,0,,,0,,,0,,,0,,,1,[0.5509348000632599],[0.5509459000313655],0,,,0,,,0,,,0,,,0,,,0,,,0,,,0,,,0,,,0,,,None,0,20,20,0,300.1665316999424,,,,,,,,,,,02-1/006_Orange_0.png,300.0014678000007,300.00161409995053,02-1/006_Orange_0.png,True,Orange,100,45,0,"[1.606407199986279, 3.5556351999985054]",02-1/006_Orange_0.png,21,,300.01670169993304,300.1665316999424,300.1665316999424,300.1665316999424,300.1665316999424,300.1665316999424,300.1665316999424,300.1665316999424,300.1665316999424,300.1665316999424,300.1665316999424,300.1665316999424,300.1665316999424,300.1665316999424,300.1665316999424,300.1665316999424,300.1665316999424,300.44918829994276,301.05010280001443,305.8423425999936,Orange,2,None,,,0,,,0,,,0,,,1,5.836500499979593,5.836514199967496,0,,,0,,,0,,,0,,,0,,,0,,,Orange,308.2353550000116,308.2492975000059,308.58370119996835,306.1918768999167,306.2318049999885,306.2318049999885,-0.0006855999818071723,306.2318049999885,,307.46516469994094,308.2347884000046,5.0,1.2163741999538615,"[(5.0, 1.2163741999538615)]","[0.3641666666666667, 0.05333333333333334]","[-0.005833333333333334, -0.265]","[1, 1]","[0, 0]","[0, 0]","[0.9755079000024125, 2.0397235000273213]","[None, 'button2']",1,[2.0400636000558734],[2.040072300005704],0,,,0,,,0,,,0,,,0,,,0,,,0,,,0,,,0,,,0,,,308.6151137999259,308.59644779993687,308.6151137999259,308.6151137999259,308.6151137999259,308.6151137999259,308.6151137999259,308.6151137999259,308.6151137999259,309.1393599999137,1,[0.5509348000632599],[0.5509459000313655],0,,,0,,,0,,,0,,,0,,,0,,,0,,,0,,,0,,,0,,,None,309.1398780000163,309.1493592999177,309.66625949996524,309.4836525999708,"['Lime-green', 'Purple', 'Yellow', 'Lime-green', 'Seafoam', 'Pink', 'Red', 'Cyan', 'Pink', 'Yellow', 'Lime-green', 'Seafoam', 'Orange', 'Cyan', 'Purple', 'Yellow', 'Blue', 'Orange', 'Purple', 'Orange', 'Orange']",,,,,,,306.2318049999885,,,,,,,,001,006,2026-04-07_11h36.37.290,Train2Laptop,,2026.1.1,59.91353282850322,2026-04-07 11h36.39.583338 +0200,
02-1,016_Lime-green.jpg,True,Lime-green,56,100,5,02-1/016_Lime-green_0.png,21,21,0,"['space', 'space']","[1.1372152999974787, 6.877121699973941]","[0.10689229995477945, 0.115840999991633]",0,,,0,,,1,10.03845650004223,10.038473600056022,0,,,0,,,0,,,0,,,0,,,0,,,0,,,5.0,1.5168218999169767,"[(5.0, 1.5168218999169767)]","[0.3775, 0.056666666666666664]","[-0.03166666666666667, -0.26]","[1, 1]","[0, 0]","[0, 0]","[1.3078895000508055, 2.2430916000157595]","[None, 'button2']",1,[2.2570299999788404],[2.257041099946946],0,,,0,,,0,,,0,,,0,,,0,,,0,,,0,,,0,,,0,,,1,[0.7316703000105917],[0.7316831999924034],0,,,0,,,0,,,0,,,0,,,0,,,0,,,0,,,0,,,0,,,None,0,21,21,9,309.66625949996524,,,,,,,,,,,02-1/016_Lime-green_0.png,309.4845505999401,309.4846926999744,02-1/016_Lime-green_0.png,True,Lime-green,56,100,5,"[2.101067200070247, 7.911511400016025]",02-1/016_Lime-green_0.png,22,,309.493407699978,309.66625949996524,309.66625949996524,309.66625949996524,309.66625949996524,309.66625949996524,309.66625949996524,309.66625949996524,309.66625949996524,309.66625949996524,309.66625949996524,309.66625949996524,309.66625949996524,309.66625949996524,309.66625949996524,309.66625949996524,309.66625949996524,309.9831126999343,310.43310149991885,319.5272989999503,Lime-green,2,"['space', 'space']","[1.1372152999974787, 6.877121699973941]","[0.10689229995477945, 0.115840999991633]",0,,,0,,,1,10.03845650004223,10.038473600056022,0,,,0,,,0,,,0,,,0,,,0,,,0,,,Lime-green,322.13776830001734,322.1486607999541,322.4825434999075,319.89056639990304,319.9313005999429,319.9313005999429,0.012997300014831126,319.9313005999429,319.9313005999429,321.464896599995,322.1372125999769,5.0,1.5168218999169767,"[(5.0, 1.5168218999169767)]","[0.3775, 0.056666666666666664]","[-0.03166666666666667, -0.26]","[1, 1]","[0, 0]","[0, 0]","[1.3078895000508055, 2.2430916000157595]","[None, 'button2']",1,[2.2570299999788404],[2.257041099946946],0,,,0,,,0,,,0,,,0,,,0,,,0,,,0,,,0,,,0,,,322.5312833999051,322.515278799925,322.5312833999051,322.5312833999051,322.5312833999051,322.5312833999051,322.5312833999051,322.5312833999051,322.5312833999051,323.2224748999579,1,[0.7316703000105917],[0.7316831999924034],0,,,0,,,0,,,0,,,0,,,0,,,0,,,0,,,0,,,0,,,None,323.2229469999438,323.2322011999786,323.73228669993114,323.5661593999248,"['Lime-green', 'Purple', 'Yellow', 'Lime-green', 'Seafoam', 'Pink', 'Red', 'Cyan', 'Pink', 'Yellow', 'Lime-green', 'Seafoam', 'Orange', 'Cyan', 'Purple', 'Yellow', 'Blue', 'Orange', 'Purple', 'Orange', 'Orange', 'Lime-green']",,,,,,,,,,,,,,,001,006,2026-04-07_11h36.37.290,Train2Laptop,,2026.1.1,59.91353282850322,2026-04-07 11h36.39.583338 +0200,
02-1,028_Pink.jpg,True,Pink,98,0,50,02-1/028_Pink_0.png,22,22,0,"['space', 'space']","[2.6826290999306366, 3.303533299942501]","[0.07953910005744547, 0.0887750000692904]",0,,,1,7.641910700011067,7.641925200005062,0,,,0,,,0,,,0,,,0,,,0,,,0,,,0,,,5.0,1.1836468999972567,"[(5.0, 1.1836468999972567)]","[0.3566666666666667, 0.015833333333333335]","[-0.010833333333333334, -0.32083333333333336]","[1, 1]","[0, 0]","[0, 0]","[0.9728664000285789, 2.0722958999685943]","[None, 'button2']",1,[2.0824653999879956],[2.082475799950771],0,,,0,,,0,,,0,,,0,,,0,,,0,,,0,,,0,,,0,,,1,[0.7183429000433534],[0.7183577000396326],0,,,0,,,0,,,0,,,0,,,0,,,0,,,0,,,0,,,0,,,None,0,22,22,13,323.73228669993114,,,,,,,,,,,02-1/028_Pink_0.png,323.5670638999436,323.5672147999285,02-1/028_Pink_0.png,True,Pink,98,0,50,"[3.7407109999330714, 4.315195499919355]",02-1/028_Pink_0.png,23,,323.5826136999531,323.73228669993114,323.73228669993114,323.73228669993114,323.73228669993114,323.73228669993114,323.73228669993114,323.73228669993114,323.73228669993114,323.73228669993114,323.73228669993114,323.73228669993114,323.73228669993114,323.73228669993114,323.73228669993114,323.73228669993114,323.73228669993114,323.99820859998,324.54923569993116,331.21548989997245,Pink,2,"['space', 'space']","[2.6826290999306366, 3.303533299942501]","[0.07953910005744547, 0.0887750000692904]",0,,,1,7.641910700011067,7.641925200005062,0,,,0,,,0,,,0,,,0,,,0,,,0,,,0,,,Pink,333.6509902999969,333.6651319999946,333.99905350001063,331.57482629991136,331.6144493999891,331.6144493999891,0.009057300048880279,331.6144493999891,,332.8144758999115,333.65044639992993,5.0,1.1836468999972567,"[(5.0, 1.1836468999972567)]","[0.3566666666666667, 0.015833333333333335]","[-0.010833333333333334, -0.32083333333333336]","[1, 1]","[0, 0]","[0, 0]","[0.9728664000285789, 2.0722958999685943]","[None, 'button2']",1,[2.0824653999879956],[2.082475799950771],0,,,0,,,0,,,0,,,0,,,0,,,0,,,0,,,0,,,0,,,334.04752869997174,334.0286677000113,334.04752869997174,334.04752869997174,334.04752869997174,334.04752869997174,334.04752869997174,334.04752869997174,334.04752869997174,334.7219594999915,1,[0.7183429000433534],[0.7183577000396326],0,,,0,,,0,,,0,,,0,,,0,,,0,,,0,,,0,,,0,,,None,334.7224411999341,334.7320797999855,335.2485844999319,335.0658097999403,"['Lime-green', 'Purple', 'Yellow', 'Lime-green', 'Seafoam', 'Pink', 'Red', 'Cyan', 'Pink', 'Yellow', 'Lime-green', 'Seafoam', 'Orange', 'Cyan', 'Purple', 'Yellow', 'Blue', 'Orange', 'Purple', 'Orange', 'Orange', 'Lime-green', 'Pink']",,,,331.6144493999891,,,,,,,,,,,001,006,2026-04-07_11h36.37.290,Train2Laptop,,2026.1.1,59.91353282850322,2026-04-07 11h36.39.583338 +0200,
02-1,006_Pink.jpg,True,Pink,100,0,50,02-1/006_Pink_0.png,23,23,0,"['space', 'space']","[0.382356800022535, 0.9662945000454783]","[0.08855380001477897, 0.10693909996189177]",0,,,1,4.721509199938737,4.721527799963951,0,,,0,,,0,,,0,,,0,,,0,,,0,,,0,,,5.0,1.1337143999990076,"[(5.0, 1.1337143999990076)]","[0.3525, 0.07666666666666666]","[-0.015833333333333335, -0.2916666666666667]","[1, 1]","[0, 0]","[0, 0]","[0.9248345999512821, 2.023903099936433]","[None, 'button2']",1,[2.0385820000665262],[2.038591100019403],0,,,0,,,0,,,0,,,0,,,0,,,0,,,0,,,0,,,0,,,1,[0.7495441001374274],[0.7495626000454649],0,,,0,,,0,,,0,,,0,,,0,,,0,,,0,,,0,,,0,,,None,0,23,23,1,335.2485844999319,,,,,,,,,,,02-1/006_Pink_0.png,335.06674689997453,335.066896299948,02-1/006_Pink_0.png,True,Pink,100,0,50,"[1.336129399947822, 1.954512199969031]",02-1/006_Pink_0.png,24,,335.0806192000164,335.2485844999319,335.2485844999319,335.2485844999319,335.2485844999319,335.2485844999319,335.2485844999319,335.2485844999319,335.2485844999319,335.2485844999319,335.2485844999319,335.2485844999319,335.2485844999319,335.2485844999319,335.2485844999319,335.2485844999319,335.2485844999319,335.5481095999712,335.9991807999322,339.79241799993906,Pink,2,"['space', 'space']","[0.382356800022535, 0.9662945000454783]","[0.08855380001477897, 0.10693909996189177]",0,,,1,4.721509199938737,4.721527799963951,0,,,0,,,0,,,0,,,0,,,0,,,0,,,0,,,Pink,342.1840234999545,342.19812319998164,342.5322093999712,340.1565236999886,340.1805844999617,340.1805844999617,0.0138382000150159,340.1805844999617,,341.3477783999406,342.1834651000099,5.0,1.1337143999990076,"[(5.0, 1.1337143999990076)]","[0.3525, 0.07666666666666666]","[-0.015833333333333335, -0.2916666666666667]","[1, 1]","[0, 0]","[0, 0]","[0.9248345999512821, 2.023903099936433]","[None, 'button2']",1,[2.0385820000665262],[2.038591100019403],0,,,0,,,0,,,0,,,0,,,0,,,0,,,0,,,0,,,0,,,342.5638129999861,342.5449536999222,342.5638129999861,342.5638129999861,342.5638129999861,342.5638129999861,342.5638129999861,342.5638129999861,342.5638129999861,343.2860185999889,1,[0.7495441001374274],[0.7495626000454649],0,,,0,,,0,,,0,,,0,,,0,,,0,,,0,,,0,,,0,,,None,343.2864909999771,343.2978567999089,343.8153415999841,343.6317461999133,"['Lime-green', 'Purple', 'Yellow', 'Lime-green', 'Seafoam', 'Pink', 'Red', 'Cyan', 'Pink', 'Yellow', 'Lime-green', 'Seafoam', 'Orange', 'Cyan', 'Purple', 'Yellow', 'Blue', 'Orange', 'Purple', 'Orange', 'Orange', 'Lime-green', 'Pink', 'Pink']",,,,340.1805844999617,,,,,,,,,,,001,006,2026-04-07_11h36.37.290,Train2Laptop,,2026.1.1,59.91353282850322,2026-04-07 11h36.39.583338 +0200,
01-1,022_Green.jpg,True,Green,0,95,0,01-1/022_Green_0.png,24,24,0,['space'],[1.1118572999257594],[0.07024190004449338],0,,,0,,,0,,,0,,,0,,,0,,,0,,,0,,,0,,,1,[5.943040000041947],[5.943054300034419],5.0,1.1835813999641687,"[(5.0, 1.1835813999641687)]","[0.3441666666666667, 0.058333333333333334]","[0.021666666666666667, -0.2733333333333333]","[1, 1]","[0, 0]","[0, 0]","[0.9403692999621853, 2.074399499921128]","[None, 'button2']",1,[2.086415800033137],[2.086427800008096],0,,,0,,,0,,,0,,,0,,,0,,,0,,,0,,,0,,,0,,,1,[0.6635055000660941],[0.6635208000661805],0,,,0,,,0,,,0,,,0,,,0,,,0,,,0,,,0,,,0,,,None,0,24,24,26,343.8153415999841,,,,,,,,,,,01-1/022_Green_0.png,343.6327092999127,343.6328607999021,01-1/022_Green_0.png,True,Green,0,95,0,"[2.2261358000105247, 3.156252000015229]",01-1/022_Green_0.png,25,,343.6436545999022,343.8153415999841,343.8153415999841,343.8153415999841,343.8153415999841,343.8153415999841,343.8153415999841,343.8153415999841,343.8153415999841,343.8153415999841,343.8153415999841,343.8153415999841,343.8153415999841,343.8153415999841,343.8153415999841,343.8153415999841,343.8153415999841,343.96498849999625,344.6985266999109,349.57959440001287,Green,2,['space'],[1.1118572999257594],[0.07024190004449338],0,,,0,,,0,,,0,,,0,,,0,,,0,,,0,,,0,,,1,[5.943040000041947],[5.943054300034419],Green,352.01910759997554,352.0310726999305,352.3650775999995,349.9410711999517,349.9800981999142,349.9800981999142,0.011194100021384656,349.9800981999142,,351.18048139999155,352.0185705999611,5.0,1.1835813999641687,"[(5.0, 1.1835813999641687)]","[0.3441666666666667, 0.058333333333333334]","[0.021666666666666667, -0.2733333333333333]","[1, 1]","[0, 0]","[0, 0]","[0.9403692999621853, 2.074399499921128]","[None, 'button2']",1,[2.086415800033137],[2.086427800008096],0,,,0,,,0,,,0,,,0,,,0,,,0,,,0,,,0,,,0,,,352.4131362999324,352.39404209994245,352.4131362999324,352.4131362999324,352.4131362999324,352.4131362999324,352.4131362999324,352.4131362999324,352.4131362999324,353.03502909990493,1,[0.6635055000660941],[0.6635208000661805],0,,,0,,,0,,,0,,,0,,,0,,,0,,,0,,,0,,,0,,,None,353.03551289997995,353.0475540999323,353.53261829994153,353.3821513999719,"['Lime-green', 'Purple', 'Yellow', 'Lime-green', 'Seafoam', 'Pink', 'Red', 'Cyan', 'Pink', 'Yellow', 'Lime-green', 'Seafoam', 'Orange', 'Cyan', 'Purple', 'Yellow', 'Blue', 'Orange', 'Purple', 'Orange', 'Orange', 'Lime-green', 'Pink', 'Pink', 'Green']",,,,,,,,,349.9800981999142,,,,,,001,006,2026-04-07_11h36.37.290,Train2Laptop,,2026.1.1,59.91353282850322,2026-04-07 11h36.39.583338 +0200,
01-1,009_Cyan.jpg,True,Cyan,3,100,95,01-1/009_Cyan_0.png,25,25,0,"['space', 'space']","[1.0559721000026911, 1.7850700999842957]","[0.17937170004006475, 0.09781140007544309]",0,,,0,,,0,,,0,,,0,,,0,,,0,,,1,[5.970254199928604],[5.970268899924122],0,,,0,,,5.0,1.11531979998108,"[(5.0, 1.11531979998108)]","[0.39916666666666667, 0.02]","[-0.0275, -0.2733333333333333]","[1, 1]","[0, 0]","[0, 0]","[0.8730114999925718, 1.9725393999833614]","[None, 'button2']",1,[1.975775200058706],[1.9757893000496551],0,,,0,,,0,,,0,,,0,,,0,,,0,,,0,,,0,,,0,,,1,[0.7295823999447748],[0.7296005999669433],0,,,0,,,0,,,0,,,0,,,0,,,0,,,0,,,0,,,0,,,None,0,25,25,19,353.53261829994153,,,,,,,,,,,01-1/009_Cyan_0.png,353.38314559997525,353.3832925999304,01-1/009_Cyan_0.png,True,Cyan,3,100,95,"[2.054337100009434, 2.7632996999891475]",01-1/009_Cyan_0.png,26,,353.3979483000003,353.53261829994153,353.53261829994153,353.53261829994153,353.53261829994153,353.53261829994153,353.53261829994153,353.53261829994153,353.53261829994153,353.53261829994153,353.53261829994153,353.53261829994153,353.53261829994153,353.53261829994153,353.53261829994153,353.53261829994153,353.53261829994153,353.7473011999391,354.33138200000394,359.35718219995033,Cyan,2,"['space', 'space']","[1.0559721000026911, 1.7850700999842957]","[0.17937170004006475, 0.09781140007544309]",0,,,0,,,0,,,0,,,0,,,0,,,0,,,1,[5.970254199928604],[5.970268899924122],0,,,0,,,Cyan,361.6865604999475,361.6970585999079,362.03345499990974,359.7096104999073,359.7463625000091,359.7463625000091,0.0021333000622689724,359.7463625000091,,360.8798772000009,361.6859920999268,5.0,1.11531979998108,"[(5.0, 1.11531979998108)]","[0.39916666666666667, 0.02]","[-0.0275, -0.2733333333333333]","[1, 1]","[0, 0]","[0, 0]","[0.8730114999925718, 1.9725393999833614]","[None, 'button2']",1,[1.975775200058706],[1.9757893000496551],0,,,0,,,0,,,0,,,0,,,0,,,0,,,0,,,0,,,0,,,362.0795618999982,362.06156269996427,362.0795618999982,362.0795618999982,362.0795618999982,362.0795618999982,362.0795618999982,362.0795618999982,362.0795618999982,362.76869079994503,1,[0.7295823999447748],[0.7296005999669433],0,,,0,,,0,,,0,,,0,,,0,,,0,,,0,,,0,,,0,,,None,362.76917719992343,362.7806149999378,363.2809920000145,363.11485649994574,"['Lime-green', 'Purple', 'Yellow', 'Lime-green', 'Seafoam', 'Pink', 'Red', 'Cyan', 'Pink', 'Yellow', 'Lime-green', 'Seafoam', 'Orange', 'Cyan', 'Purple', 'Yellow', 'Blue', 'Orange', 'Purple', 'Orange', 'Orange', 'Lime-green', 'Pink', 'Pink', 'Green', 'Cyan']",,,,,,359.7463625000091,,,,,,,,,001,006,2026-04-07_11h36.37.290,Train2Laptop,,2026.1.1,59.91353282850322,2026-04-07 11h36.39.583338 +0200,
02-1,029_Seafoam.jpg,True,Seafoam,0,100,74,02-1/029_Seafoam_0.png,26,26,0,['space'],[0.2644055999116972],[0.12486260000150651],1,13.098936400027014,13.098949700011872,0,,,0,,,0,,,0,,,0,,,0,,,0,,,0,,,0,,,4.0,1.416101299924776,"[(4.0, 1.416101299924776)]","[0.185, -0.015]","[-0.02666666666666667, -0.26166666666666666]","[1, 1]","[0, 0]","[0, 0]","[1.1746077999705449, 2.2057380999904126]","[None, 'button2']",1,[2.2099612000165507],[2.2099713999778032],0,,,0,,,0,,,0,,,0,,,0,,,0,,,0,,,0,,,0,,,1,[0.6835162000497803],[0.6835328999441117],0,,,0,,,0,,,0,,,0,,,0,,,0,,,0,,,0,,,0,,,None,0,26,26,14,363.2809920000145,,,,,,,,,,,02-1/029_Seafoam_0.png,363.11603909998666,363.11621379991993,02-1/029_Seafoam_0.png,True,Seafoam,0,100,74,"[1.3442876000190154, 2.23300410003867]",02-1/029_Seafoam_0.png,27,,363.1313327999087,363.2809920000145,363.2809920000145,363.2809920000145,363.2809920000145,363.2809920000145,363.2809920000145,363.2809920000145,363.2809920000145,363.2809920000145,363.2809920000145,363.2809920000145,363.2809920000145,363.2809920000145,363.2809920000145,363.2809920000145,363.2809920000145,363.5475272999611,364.0977411000058,376.2198115999345,Seafoam,2,['space'],[0.2644055999116972],[0.12486260000150651],1,13.098936400027014,13.098949700011872,0,,,0,,,0,,,0,,,0,,,0,,,0,,,0,,,0,,,Seafoam,378.782795600011,378.79659859999083,379.1310381999938,376.57349420001265,376.6124418999534,376.6124418999534,0.0032911000307649374,376.6124418999534,,378.0457192999311,378.78225859999657,4.0,1.416101299924776,"[(4.0, 1.416101299924776)]","[0.185, -0.015]","[-0.02666666666666667, -0.26166666666666666]","[1, 1]","[0, 0]","[0, 0]","[1.1746077999705449, 2.2057380999904126]","[None, 'button2']",1,[2.2099612000165507],[2.2099713999778032],0,,,0,,,0,,,0,,,0,,,0,,,0,,,0,,,0,,,0,,,379.1787073999876,379.1650984999724,379.1787073999876,379.1787073999876,379.1787073999876,379.1787073999876,379.1787073999876,379.1787073999876,379.1787073999876,379.8189434999367,1,[0.6835162000497803],[0.6835328999441117],0,,,0,,,0,,,0,,,0,,,0,,,0,,,0,,,0,,,0,,,None,379.8194632999366,379.8295753999846,380.3302451999625,380.1643728999188,"['Lime-green', 'Purple', 'Yellow', 'Lime-green', 'Seafoam', 'Pink', 'Red', 'Cyan', 'Pink', 'Yellow', 'Lime-green', 'Seafoam', 'Orange', 'Cyan', 'Purple', 'Yellow', 'Blue', 'Orange', 'Purple', 'Orange', 'Orange', 'Lime-green', 'Pink', 'Pink', 'Green', 'Cyan', 'Seafoam']",,,376.6124418999534,,,,,,,,,,,,001,006,2026-04-07_11h36.37.290,Train2Laptop,,2026.1.1,59.91353282850322,2026-04-07 11h36.39.583338 +0200,
02-1,030_Seafoam.jpg,True,Seafoam,0,99,67,02-1/030_Seafoam_0.png,27,27,0,"['space', 'space']","[46.43951609998476, 47.411968100001104]","[0.11639969993848354, 0.11616259999573231]",1,56.14629699999932,56.14631050010212,0,,,0,,,0,,,0,,,0,,,0,,,0,,,0,,,0,,,5.0,1.0477865000721067,"[(5.0, 1.0477865000721067)]","[0.36083333333333334, 0.06]","[-0.025833333333333333, -0.29]","[1, 1]","[0, 0]","[0, 0]","[0.8007281000027433, 1.8339442999567837]","[None, 'button2']",1,[1.8470818001078442],[1.8470897000515833],0,,,0,,,0,,,0,,,0,,,0,,,0,,,0,,,0,,,0,,,1,[0.6354347000597045],[0.635444900020957],0,,,0,,,0,,,0,,,0,,,0,,,0,,,0,,,0,,,0,,,None,0,27,27,15,380.3302451999625,,,,,,,,,,,02-1/030_Seafoam_0.png,380.1656127999304,380.16580519999843,02-1/030_Seafoam_0.png,True,Seafoam,0,99,67,"[1.244407600024715, 2.0233385000610724, 47.48847720003687, 48.02397270000074, 48.42264760006219, 49.82955640007276]",02-1/030_Seafoam_0.png,28,,380.17988089995924,380.3302451999625,380.3302451999625,380.3302451999625,380.3302451999625,380.3302451999625,380.3302451999625,380.3302451999625,380.3302451999625,380.3302451999625,380.3302451999625,380.3302451999625,380.3302451999625,380.3302451999625,380.3302451999625,380.3302451999625,380.3302451999625,380.622027699952,381.16339070000686,436.3161661999766,Seafoam,2,"['space', 'space']","[46.43951609998476, 47.411968100001104]","[0.11639969993848354, 0.11616259999573231]",1,56.14629699999932,56.14631050010212,0,,,0,,,0,,,0,,,0,,,0,,,0,,,0,,,0,,,Seafoam,438.5162396999076,438.53352479997557,438.8671427000081,436.6788093999494,436.7126768999733,436.7126768999733,0.01233010005671531,436.7126768999733,,437.7794378999388,438.5154161999235,5.0,1.0477865000721067,"[(5.0, 1.0477865000721067)]","[0.36083333333333334, 0.06]","[-0.025833333333333333, -0.29]","[1, 1]","[0, 0]","[0, 0]","[0.8007281000027433, 1.8339442999567837]","[None, 'button2']",1,[1.8470818001078442],[1.8470897000515833],0,,,0,,,0,,,0,,,0,,,0,,,0,,,0,,,0,,,0,,,,438.8786135999253,438.89563659997657,438.89563659997657,438.89563659997657,438.89563659997657,438.89563659997657,438.89563659997657,438.89563659997657,439.50361809995957,1,[0.6354347000597045],[0.635444900020957],0,,,0,,,0,,,0,,,0,,,0,,,0,,,0,,,0,,,0,,,None,439.50399719993584,439.5156365999719,439.8954387999838,439.8490328999469,"['Lime-green', 'Purple', 'Yellow', 'Lime-green', 'Seafoam', 'Pink', 'Red', 'Cyan', 'Pink', 'Yellow', 'Lime-green', 'Seafoam', 'Orange', 'Cyan', 'Purple', 'Yellow', 'Blue', 'Orange', 'Purple', 'Orange', 'Orange', 'Lime-green', 'Pink', 'Pink', 'Green', 'Cyan', 'Seafoam', 'Seafoam']",,,436.7126768999733,,,,,,,,,,,,001,006,2026-04-07_11h36.37.290,Train2Laptop,,2026.1.1,59.91353282850322,2026-04-07 11h36.39.583338 +0200,
,,,,,,,,,,,,,,,,,,,,,,,,,,,,,,,,,,,,,,,,,,,,,,,,,,,,,,,,,,,,,,,,,,,,,,,,,,,,,,,,,,,,,,,,,,,,,,,,,,,,,,,,,,,,,,,,,,,,,,,,,,,,,,,,,,,,,,,,,,,,,,,,,,,,,,,,,,,,,,,,,,,,,,,,,,,,,,,,,,,,,,,,,,,,,,,,,,,,,,,,,,,,,,,,,,,,,,,,,,,,,,,,,,,,,,,,,,,,,,,,,,,,,,,,,,,,,,,,,,,,,,,,,,,,,,,,,,,,,,,,,,,,,,,,,,,,,,,,,,,,,,,,,,,,,,,,,,,,,439.8759875999531,439.8954387999838,442.8467043999117,,,001,006,2026-04-07_11h36.37.290,Train2Laptop,,2026.1.1,59.91353282850322,2026-04-07 11h36.39.583338 +0200,
,,,,,,,,,,,,,,,,,,,,,,,,,,,,,,,,,,,,,,,,,,,,,,,,,,,,,,,,,,,,,,,,,,,,,,,,,,,,,,,,,,,,,,,,,,,,,,,,,,,,,,,,,,,,,,,,,,,,,,,,,,,,,,,,,,,,,,,,,,,,,,,,,,,,,,,,,,,,,,,,,,,,,,,,,Seafoam,,,,,,,,,,,,,,,,,,,,,,,,,,,,,,,,,,,,,,,,,,,,,,,,,,,,,,,,,,,,,,,,,,,,,,,,,,,,,,,,,,,,,,,,,,,,,,,,,,,,,,,,,,,,,,,,,,,,,,,,,,,,,,,,,,,,,,,,,,,,,,,,,,,,,,,28,"['Lime-green', 'Purple', 'Yellow', 'Lime-green', 'Seafoam', 'Pink', 'Red', 'Cyan', 'Pink', 'Yellow', 'Lime-green', 'Seafoam', 'Orange', 'Cyan', 'Purple', 'Yellow', 'Blue', 'Orange', 'Purple', 'Orange', 'Orange', 'Lime-green', 'Pink', 'Pink', 'Green', 'Cyan', 'Seafoam', 'Seafoam']",,,,,,,,,
