folder,image,logical,corrColor,corrR,corrG,corrB,image_path,thisN,thisTrialN,thisRepN,spacebar.keys,spacebar.rt,spacebar.duration,blue.numClicks,blue.timesOn,blue.timesOff,yellow.numClicks,yellow.timesOn,yellow.timesOff,purple.numClicks,purple.timesOn,purple.timesOff,cyan.numClicks,cyan.timesOn,cyan.timesOff,red.numClicks,red.timesOn,red.timesOff,green.numClicks,green.timesOn,green.timesOff,slider.response,slider.rt,slider.history,mouse_2.x,mouse_2.y,mouse_2.leftButton,mouse_2.midButton,mouse_2.rightButton,mouse_2.time,mouse_2.clicked_name,button2.numClicks,button2.timesOn,button2.timesOff,blue_3.numClicks,blue_3.timesOn,blue_3.timesOff,yellow_3.numClicks,yellow_3.timesOn,yellow_3.timesOff,purple_3.numClicks,purple_3.timesOn,purple_3.timesOff,cyan_3.numClicks,cyan_3.timesOn,cyan_3.timesOff,red_3.numClicks,red_3.timesOn,red_3.timesOff,green_3.numClicks,green_3.timesOn,green_3.timesOff,Button3.numClicks,Button3.timesOn,Button3.timesOff,blue_2.numClicks,blue_2.timesOn,blue_2.timesOff,yellow_2.numClicks,yellow_2.timesOn,yellow_2.timesOff,purple_2.numClicks,purple_2.timesOn,purple_2.timesOff,cyan_2.numClicks,cyan_2.timesOn,cyan_2.timesOff,red_2.numClicks,red_2.timesOn,red_2.timesOff,green_2.numClicks,green_2.timesOn,green_2.timesOff,key_resp.keys,trials.thisRepN,trials.thisTrialN,trials.thisN,trials.thisIndex,thisRow.t,notes,Welcome.started,Welcome_info.started,PressEnter.started,PressEnterToContinue.started,Welcome.stopped,PressEnter.keys,PressEnter.rt,PressEnter.duration,img_Var.routineStartVal,initiate.started,initiate.stopped,img_Var.routineEndVal,logical_Var.routineEndVal,corrColor_Var.routineEndVal,corrR_Var.routineEndVal,corrG_Var.routineEndVal,corrB_Var.routineEndVal,filterCount.routineEndVal,img_Var1.routineEndVal,trial_counter.routineEndVal,answer.routineStartVal,trial_1.started,img.started,blue.started,yellow.started,purple.started,cyan.started,red.started,green.started,RBGInfo.started,R.started,G.started,B.started,spacebar.started,trial_1.stopped,corrColorVar.routineEndVal,filterChange.routineEndVal,trials.spacebar.keys,trials.spacebar.rt,trials.spacebar.duration,trials.blue.numClicks,trials.blue.timesOn,trials.blue.timesOff,trials.yellow.numClicks,trials.yellow.timesOn,trials.yellow.timesOff,trials.purple.numClicks,trials.purple.timesOn,trials.purple.timesOff,trials.cyan.numClicks,trials.cyan.timesOn,trials.cyan.timesOff,trials.red.numClicks,trials.red.timesOn,trials.red.timesOff,trials.green.numClicks,trials.green.timesOn,trials.green.timesOff,answer.routineEndVal,Pause350.started,text_8.started,Pause350.stopped,confidence.started,slider.started,text_9.started,mouse_2.started,text_answer.started,red_3.started,button2.started,confidence.stopped,trials.slider.response,trials.slider.rt,trials.slider.history,trials.mouse_2.x,trials.mouse_2.y,trials.mouse_2.leftButton,trials.mouse_2.midButton,trials.mouse_2.rightButton,trials.mouse_2.time,trials.mouse_2.clicked_name,trials.button2.numClicks,trials.button2.timesOn,trials.button2.timesOff,trials.blue_3.numClicks,trials.blue_3.timesOn,trials.blue_3.timesOff,trials.yellow_3.numClicks,trials.yellow_3.timesOn,trials.yellow_3.timesOff,trials.purple_3.numClicks,trials.purple_3.timesOn,trials.purple_3.timesOff,trials.cyan_3.numClicks,trials.cyan_3.timesOn,trials.cyan_3.timesOff,trials.red_3.numClicks,trials.red_3.timesOn,trials.red_3.timesOff,trials.green_3.numClicks,trials.green_3.timesOn,trials.green_3.timesOff,text_8.stopped,confirm.started,Button3.started,correctAnswer.started,RBGInfo_2.started,R_2.started,G_2.started,B_2.started,key_resp.started,BaselineOverrideInfo.started,confirm.stopped,trials.Button3.numClicks,trials.Button3.timesOn,trials.Button3.timesOff,trials.blue_2.numClicks,trials.blue_2.timesOn,trials.blue_2.timesOff,trials.yellow_2.numClicks,trials.yellow_2.timesOn,trials.yellow_2.timesOff,trials.purple_2.numClicks,trials.purple_2.timesOn,trials.purple_2.timesOff,trials.cyan_2.numClicks,trials.cyan_2.timesOn,trials.cyan_2.timesOff,trials.red_2.numClicks,trials.red_2.timesOn,trials.red_2.timesOff,trials.green_2.numClicks,trials.green_2.timesOn,trials.green_2.timesOff,trials.key_resp.keys,PauseEnd.started,text_11.started,text_11.stopped,PauseEnd.stopped,colorList.routineEndVal,blue_3.started,green_3.started,cyan_3.started,yellow_3.started,purple_3.started,congrats.started,GoodJob.started,congrats.stopped,trial_counter.endExpVal,colorList.expEndVal,participant,session,date,expName,expVersion,psychopyVersion,frameRate,expStart
,,,,,,,,,,,,,,,,,,,,,,,,,,,,,,,,,,,,,,,,,,,,,,,,,,,,,,,,,,,,,,,,,,,,,,,,,,,,,,,,,,,,,,,,,,,0.0177431,0.0362561,0.8051828,1.0036329,86.8156558,return,85.8844559,None,,,,,,,,,,,,,,,,,,,,,,,,,,,,,,,,,,,,,,,,,,,,,,,,,,,,,,,,,,,,,,,,,,,,,,,,,,,,,,,,,,,,,,,,,,,,,,,,,,,,,,,,,,,,,,,,,,,,,,,,,,,,,,,,,,,,,,,,,,,,,,1,0,2026-03-16_19h15.40.657,Tester2,,2025.02.04,60.20266631,2026-03-16 19h15.41.289469 +0100
Demo,DemoRed.jpg,TRUE,Red,96,6,0,Demo/DemoRed_0.png,0,0,0,"['space', 'space', 'space', 'space', 'space', 'space', 'space', 'space', 'space']","[114.69280169997364, 116.71289930003695, 118.46603560005315, 118.79023279994726, 119.16614590003155, 119.4566631000489, 121.65693629998714, 135.00214989995584, 140.43407969991677]","[0.11568990000523627, 0.1338786999695003, 0.11672000004909933, 0.11516500008292496, 0.09778869990259409, 0.08880860009230673, 0.09785640006884933, 0.10701910010538995, 0.1067401000764221]",0,,,0,,,0,,,0,,,1,[150.0166084000375],[150.01662949984893],0,,,5,5.8487068,"[(5.0, 5.8487068000249565)]","[0.37, 0.04833333333333333]","[-0.0325, -0.2916666666666667]","[1, 1]","[0, 0]","[0, 0]","[5.608855500118807, 11.088841200107709]","[None, 'button2']",1,[11.102666199905798],[11.102682600030676],0,,,0,,,0,,,0,,,0,,,0,,,1,[15.71600509993732],[15.716022799955681],0,,,0,,,0,,,0,,,0,,,0,,,None,0,0,0,0,86.9667082,,,,,,,,,,Demo/DemoRed_0.png,86.8390723,86.8397598,Demo/DemoRed_0.png,TRUE,Red,96,6,0,"[115.63641429995187, 117.66781520005316, 118.98135340004228, 119.40183430002071, 119.69813299993984, 120.12883759988472, 120.38652549986728, 122.5728563000448, 135.90943689993583, 141.37854829989374]",Demo/DemoRed_0.png,1,,86.8809935,86.9667082,86.9667082,86.9667082,86.9667082,86.9667082,86.9667082,86.9667082,86.9667082,86.9667082,86.9667082,86.9667082,87.7337315,236.8567287,Red,2,"['space', 'space', 'space', 'space', 'space', 'space', 'space', 'space', 'space']","[114.69280169997364, 116.71289930003695, 118.46603560005315, 118.79023279994726, 119.16614590003155, 119.4566631000489, 121.65693629998714, 135.00214989995584, 140.43407969991677]","[0.11568990000523627, 0.1338786999695003, 0.11672000004909933, 0.11516500008292496, 0.09778869990259409, 0.08880860009230673, 0.09785640006884933, 0.10701910010538995, 0.1067401000764221]",0,,,0,,,0,,,0,,,1,[150.0166084000375],[150.01662949984893],0,,,Red,248.3121197,248.3286953,248.662374,237.2202897,237.243197,237.243197,0.0132526,237.243197,237.243197,243.1257002,248.3115722,5,5.8487068,"[(5.0, 5.8487068000249565)]","[0.37, 0.04833333333333333]","[-0.0325, -0.2916666666666667]","[1, 1]","[0, 0]","[0, 0]","[5.608855500118807, 11.088841200107709]","[None, 'button2']",1,[11.102666199905798],[11.102682600030676],0,,,0,,,0,,,0,,,0,,,0,,,248.7084476,248.6823431,248.7084476,248.7084476,248.7084476,248.7084476,248.7084476,248.7084476,248.7084476,248.7084476,264.3792276,1,[15.71600509993732],[15.716022799955681],0,,,0,,,0,,,0,,,0,,,0,,,None,264.3795692,264.3943692,264.8254864,264.7281548,['Red'],,,,,,,,,,,1,0,2026-03-16_19h15.40.657,Tester2,,2025.02.04,60.20266631,2026-03-16 19h15.41.289469 +0100
Demo,DemoBlue.jpg,TRUE,Blue,0,0,90,Demo/DemoBlue_0.png,1,1,0,None,,,1,[24.323563100071624],[24.323574099922553],0,,,0,,,0,,,0,,,0,,,5,2.6475464,"[(5.0, 2.6475463998503983)]","[0.3858333333333333, 0.075]","[-0.0075, -0.2775]","[1, 1]","[0, 0]","[0, 0]","[2.409906900022179, 4.839462599949911]","[None, 'button2']",1,[4.854193199891597],[4.854200799949467],0,,,0,,,0,,,0,,,0,,,0,,,1,[3.0870295998174697],[3.0870479999575764],0,,,0,,,0,,,0,,,0,,,0,,,None,0,1,1,1,264.8254864,,,,,,,,,,Demo/DemoBlue_0.png,264.728932,264.729109,Demo/DemoBlue_0.png,TRUE,Blue,0,0,90,[],Demo/DemoBlue_0.png,2,,264.739031,264.8254864,264.8254864,264.8254864,264.8254864,264.8254864,264.8254864,264.8254864,264.8254864,264.8254864,264.8254864,264.8254864,265.6254007,289.0532852,Blue,0,None,,,1,[24.323563100071624],[24.323574099922553],0,,,0,,,0,,,0,,,0,,,Blue,294.2588841,294.2773619,294.6108882,289.4174118,289.4409928,289.4409928,0.0140432,289.4409928,,292.1098633,294.2585619,5,2.6475464,"[(5.0, 2.6475463998503983)]","[0.3858333333333333, 0.075]","[-0.0075, -0.2775]","[1, 1]","[0, 0]","[0, 0]","[2.409906900022179, 4.839462599949911]","[None, 'button2']",1,[4.854193199891597],[4.854200799949467],0,,,0,,,0,,,0,,,0,,,0,,,,294.624636,294.6407372,294.6407372,294.6407372,294.6407372,294.6407372,294.6407372,294.6407372,294.6407372,297.6977152,1,[3.0870295998174697],[3.0870479999575764],0,,,0,,,0,,,0,,,0,,,0,,,None,297.6980671,297.7093314,298.1411334,298.0429438,"['Red', 'Blue']",289.4409928,,,,,,,,,,1,0,2026-03-16_19h15.40.657,Tester2,,2025.02.04,60.20266631,2026-03-16 19h15.41.289469 +0100
Demo,DemoGreen.jpg,TRUE,Green,0,98,5,Demo/DemoGreen_0.png,2,2,0,"['space', 'space', 'space', 'space']","[4.582908499985933, 6.597462899982929, 13.796263800002635, 17.47651270008646]","[0.08848139992915094, 0.14306539995595813, 0.08751209988258779, 0.10696979984641075]",0,,,0,,,0,,,0,,,0,,,1,[24.958223199937493],[24.958240400068462],5,2.6488936,"[(5.0, 2.6488935998640954)]","[0.3775, 0.020833333333333332]","[-0.024166666666666666, -0.2833333333333333]","[1, 1]","[0, 0]","[0, 0]","[2.4096610001288354, 4.173559700138867]","[None, 'button2']",1,[4.190977499820292],[4.190990799805149],0,,,0,,,0,,,0,,,0,,,0,,,1,[1.5542730998713523],[1.5542918997816741],0,,,0,,,0,,,0,,,0,,,0,,,None,0,2,2,2,298.1411334,,,,,,,,,,Demo/DemoGreen_0.png,298.043645,298.0438136,Demo/DemoGreen_0.png,TRUE,Green,0,98,5,"[5.527772800065577, 7.528163800016046, 14.75577099993825, 18.431033300003037]",Demo/DemoGreen_0.png,3,,298.0585841,298.1411334,298.1411334,298.1411334,298.1411334,298.1411334,298.1411334,298.1411334,298.1411334,298.1411334,298.1411334,298.1411334,298.9411107,323.0023419,Green,0,"['space', 'space', 'space', 'space']","[4.582908499985933, 6.597462899982929, 13.796263800002635, 17.47651270008646]","[0.08848139992915094, 0.14306539995595813, 0.08751209988258779, 0.10696979984641075]",0,,,0,,,0,,,0,,,0,,,1,[24.958223199937493],[24.958240400068462],Green,327.5454669,327.5634458,327.8971697,323.3692099,323.4095082,323.4095082,0.0165237,323.4095082,,326.077348,327.5449908,5,2.6488936,"[(5.0, 2.6488935998640954)]","[0.3775, 0.020833333333333332]","[-0.024166666666666666, -0.2833333333333333]","[1, 1]","[0, 0]","[0, 0]","[2.4096610001288354, 4.173559700138867]","[None, 'button2']",1,[4.190977499820292],[4.190990799805149],0,,,0,,,0,,,0,,,0,,,0,,,,327.9112984,327.9254398,327.9254398,327.9254398,327.9254398,327.9254398,327.9254398,327.9254398,327.9254398,329.4508801,1,[1.5542730998713523],[1.5542918997816741],0,,,0,,,0,,,0,,,0,,,0,,,None,329.4512474,329.4622395,329.9454034,329.7959119,"['Red', 'Blue', 'Green']",,323.4095082,,,,,,,,,1,0,2026-03-16_19h15.40.657,Tester2,,2025.02.04,60.20266631,2026-03-16 19h15.41.289469 +0100
Demo,DemoCyan.jpg,TRUE,Cyan,1,100,92,Demo/DemoCyan_0.png,3,3,0,"['space', 'space', 'space', 'space']","[7.991928000003099, 10.793080699862912, 12.462900099810213, 15.368161699967459]","[0.09781519998796284, 0.10657309996895492, 0.14349659997969866, 0.09802190004847944]",0,,,0,,,0,,,1,[28.46341530000791],[28.46343300002627],0,,,0,,,5,4.8642241,"[(5.0, 4.864224100019783)]","[0.37, 0.03]","[-0.03166666666666667, -0.29333333333333333]","[1, 1]","[0, 0]","[0, 0]","[4.628025500103831, 7.926241300068796]","[None, 'button2']",1,[7.930273899808526],[7.930286599788815],0,,,0,,,0,,,0,,,0,,,0,,,1,[1.7519459000322968],[1.7519620000384748],0,,,0,,,0,,,0,,,0,,,0,,,None,0,3,3,3,329.9454034,,,,,,,,,,Demo/DemoCyan_0.png,329.7965927,329.7967641,Demo/DemoCyan_0.png,TRUE,Cyan,1,100,92,"[8.93008409999311, 11.810803999891505, 13.396250899881124, 16.319293200038373]",Demo/DemoCyan_0.png,4,,329.8091023,329.9454034,329.9454034,329.9454034,329.9454034,329.9454034,329.9454034,329.9454034,329.9454034,329.9454034,329.9454034,329.9454034,330.7287656,358.2605569,Cyan,0,"['space', 'space', 'space', 'space']","[7.991928000003099, 10.793080699862912, 12.462900099810213, 15.368161699967459]","[0.09781519998796284, 0.10657309996895492, 0.14349659997969866, 0.09802190004847944]",0,,,0,,,0,,,1,[28.46341530000791],[28.46343300002627],0,,,0,,,Cyan,366.5431563,366.5609143,366.8932434,358.6142696,358.6401333,358.6401333,0.0034709,358.6401333,,363.5402055,366.54261,5,4.8642241,"[(5.0, 4.864224100019783)]","[0.37, 0.03]","[-0.03166666666666667, -0.29333333333333333]","[1, 1]","[0, 0]","[0, 0]","[4.628025500103831, 7.926241300068796]","[None, 'button2']",1,[7.930273899808526],[7.930286599788815],0,,,0,,,0,,,0,,,0,,,0,,,358.6401333,366.9084878,366.9224041,366.9224041,366.9224041,366.9224041,366.9224041,366.9224041,366.9224041,366.9224041,368.6464495,1,[1.7519459000322968],[1.7519620000384748],0,,,0,,,0,,,0,,,0,,,0,,,None,368.6469222,368.6591241,369.091186,368.993206,"['Red', 'Blue', 'Green', 'Cyan']",,,358.6401333,,,,,,,,1,0,2026-03-16_19h15.40.657,Tester2,,2025.02.04,60.20266631,2026-03-16 19h15.41.289469 +0100
Demo,DemoYellow.jpg,TRUE,Yellow,96,100,0,Demo/DemoYellow_0.png,4,4,0,"['space', 'space', 'space']","[10.483538000145927, 15.68239130009897, 18.57482700003311]","[0.12497049989178777, 0.11604320001788437, 0.13390640006400645]",0,,,1,[37.54408400016837],[37.54409130010754],0,,,0,,,0,,,0,,,5,2.9475826,"[(5.0, 2.9475825999397784)]","[0.38166666666666665, 0.04666666666666667]","[-0.0075, -0.2783333333333333]","[1, 1]","[0, 0]","[0, 0]","[2.7136580001097172, 4.413159500109032]","[None, 'button2']",1,[4.41827159980312],[4.418276899959892],0,,,0,,,0,,,0,,,0,,,0,,,1,[1.368096699938178],[1.3681035998743027],0,,,0,,,0,,,0,,,0,,,0,,,None,0,4,4,4,369.091186,,,,,,,,,,Demo/DemoYellow_0.png,368.9941551,368.9943694,Demo/DemoYellow_0.png,TRUE,Yellow,96,100,0,"[11.431462000124156, 16.6037463999819, 19.49549030000344]",Demo/DemoYellow_0.png,5,,369.0038812,369.091186,369.091186,369.091186,369.091186,369.091186,369.091186,369.091186,369.091186,369.091186,369.091186,369.091186,369.8744851,406.5388525,Yellow,3,"['space', 'space', 'space']","[10.483538000145927, 15.68239130009897, 18.57482700003311]","[0.12497049989178777, 0.11604320001788437, 0.13390640006400645]",0,,,1,[37.54408400016837],[37.54409130010754],0,,,0,,,0,,,0,,,Yellow,411.3083139,411.322147,411.6565297,406.8937828,406.9201138,406.9201138,0.0047638,406.9201138,,409.9033801,411.3080993,5,2.9475826,"[(5.0, 2.9475825999397784)]","[0.38166666666666665, 0.04666666666666667]","[-0.0075, -0.2783333333333333]","[1, 1]","[0, 0]","[0, 0]","[2.7136580001097172, 4.413159500109032]","[None, 'button2']",1,[4.41827159980312],[4.418276899959892],0,,,0,,,0,,,0,,,0,,,0,,,411.6866484,411.6690867,411.6866484,411.6866484,411.6866484,411.6866484,411.6866484,411.6866484,411.6866484,411.6866484,413.0269806,1,[1.368096699938178],[1.3681035998743027],0,,,0,,,0,,,0,,,0,,,0,,,None,413.0271536,413.0400454,413.4883117,413.3738436,"['Red', 'Blue', 'Green', 'Cyan', 'Yellow']",,,,406.9201138,,,,,,,1,0,2026-03-16_19h15.40.657,Tester2,,2025.02.04,60.20266631,2026-03-16 19h15.41.289469 +0100
Demo,DemoPurple.jpg,TRUE,Purple,65,3,100,Demo/DemoPurple_0.png,5,5,0,"['space', 'space', 'space', 'space', 'space', 'space', 'space', 'space']","[10.942411300027743, 11.193253299919888, 11.394870799966156, 12.187157799955457, 13.363734500017017, 15.891981000080705, 18.8143821998965, 19.405783399939537]","[0.12513409997336566, 0.07059280015528202, 0.06161150010302663, 0.10701039992272854, 0.09783910005353391, 0.07946609985083342, 0.11592410015873611, 0.09780340013094246]",0,,,0,,,1,[31.823728599818423],[31.823742999928072],0,,,0,,,0,,,5,1.8673092,"[(5.0, 1.8673092001117766)]","[0.37, 0.023333333333333334]","[-0.013333333333333334, -0.295]","[1, 1]","[0, 0]","[0, 0]","[1.6615212000906467, 3.178311300231144]","[None, 'button2']",1,[3.188379099825397],[3.1883924999274313],0,,,0,,,0,,,0,,,0,,,0,,,1,[1.0683700998779386],[1.0683885000180453],0,,,0,,,0,,,0,,,0,,,0,,,None,0,5,5,5,413.4883117,,,,,,,,,,Demo/DemoPurple_0.png,413.3745093,413.3746638,Demo/DemoPurple_0.png,TRUE,Purple,65,3,100,"[11.914530399953946, 12.148051399970427, 12.364576399791986, 13.111788099864498, 14.295759699773043, 16.808097299886867, 19.78592749987729, 20.32245499989949]",Demo/DemoPurple_0.png,6,,413.3866058,413.4883117,413.4883117,413.4883117,413.4883117,413.4883117,413.4883117,413.4883117,413.4883117,413.4883117,413.4883117,413.4883117,414.2890397,445.1987481,Purple,0,"['space', 'space', 'space', 'space', 'space', 'space', 'space', 'space']","[10.942411300027743, 11.193253299919888, 11.394870799966156, 12.187157799955457, 13.363734500017017, 15.891981000080705, 18.8143821998965, 19.405783399939537]","[0.12513409997336566, 0.07059280015528202, 0.06161150010302663, 0.10701039992272854, 0.09783910005353391, 0.07946609985083342, 0.11592410015873611, 0.09780340013094246]",0,,,0,,,1,[31.823728599818423],[31.823742999928072],0,,,0,,,0,,,Purple,448.7400676,448.7577917,449.0907559,445.5585348,445.5863619,445.5863619,0.009561,445.5863619,,447.4867543,448.7394461,5,1.8673092,"[(5.0, 1.8673092001117766)]","[0.37, 0.023333333333333334]","[-0.013333333333333334, -0.295]","[1, 1]","[0, 0]","[0, 0]","[1.6615212000906467, 3.178311300231144]","[None, 'button2']",1,[3.188379099825397],[3.1883924999274313],0,,,0,,,0,,,0,,,0,,,0,,,,449.1038484,449.1199154,449.1199154,449.1199154,449.1199154,449.1199154,449.1199154,449.1199154,449.1199154,450.1598406,1,[1.0683700998779386],[1.0683885000180453],0,,,0,,,0,,,0,,,0,,,0,,,None,450.1602164,450.1731449,450.5522384,450.5066084,"['Red', 'Blue', 'Green', 'Cyan', 'Yellow', 'Purple']",,,,,445.5863619,,,,,,1,0,2026-03-16_19h15.40.657,Tester2,,2025.02.04,60.20266631,2026-03-16 19h15.41.289469 +0100
,,,,,,,,,,,,,,,,,,,,,,,,,,,,,,,,,,,,,,,,,,,,,,,,,,,,,,,,,,,,,,,,,,,,,,,,,,,,,,,,,,,,,,,,,,,,,,,,,,,,,,,,,,,,,,,,,,,,,,,,,,,,,,,,,,,,,,,,,,,,,,,,,,,,,,,,,,,,,,,,,,,,,,,,,,,,,,,,,,,,,,,,,,,,,,,,,,,,,,,,,,,,,,,,,,,,,,,,,,,,,,,,,,,,,,,,,,,450.5372566,450.5522384,453.5069261,,,1,0,2026-03-16_19h15.40.657,Tester2,,2025.02.04,60.20266631,2026-03-16 19h15.41.289469 +0100
,,,,,,,,,,,,,,,,,,,,,,,,,,,,,,,,,,,,,,,,,,,,,,,,,,,,,,,,,,,,,,,,,,,,,,,,,,,,,,,,,,,,,,,,,,,,,,,,,,,,,,,,,,,,,,,,,,,,,,,,,,,,,,Purple,,,,,,,,,,,,,,,,,,,,,,,,,,,,,,,,,,,,,,,,,,,,,,,,,,,,,,,,,,,,,,,,,,,,,,,,,,,,,,,,,,,,,,,,,,,,,,,,,,,,,,,,,,,,,,,,6,"['Red', 'Blue', 'Green', 'Cyan', 'Yellow', 'Purple']",,,,,,,,
